Cycle start time,Cycle end time,Cycle timezone,Workout start time,Workout end time,Duration (min),Activity Strain,Energy burned (cal),Max HR (bpm),Average HR (bpm),HR Zone 1 %,HR Zone 2 %,HR Zone 3 %,HR Zone 4 %,HR Zone 5 %,GPS enabled
2025-11-02 23:59:35,2025-11-03 23:37:12,UTCZ,2025-11-03 17:43:30,2025-11-03 18:43:15,59,8.6,393.0,157,123,78,12,0,0,0,false
2025-10-31 23:24:21,2025-11-01 23:31:10,UTCZ,2025-11-01 10:01:30,2025-11-01 11:07:06,65,15.3,789.0,196,151,28,22,21,22,7,false
2025-10-20 00:25:05,2025-10-21 00:18:12,UTC+01:00,2025-10-20 18:45:00,2025-10-20 19:20:52,35,8.8,314.0,170,133,51,34,12,0,0,false
2025-10-06 00:16:02,2025-10-06 23:09:45,UTC+01:00,2025-10-06 21:00:00,2025-10-06 21:17:59,17,10.1,211.0,205,149,16,7,13,23,27,false
2025-10-06 00:16:02,2025-10-06 23:09:45,UTC+01:00,2025-10-06 19:03:00,2025-10-06 20:23:59,80,14.4,811.0,188,140,38,24,19,14,0,false
2025-09-21 23:22:41,2025-09-22 23:27:10,UTC+01:00,2025-09-22 18:21:00,2025-09-22 19:22:29,61,9.7,413.0,165,121,38,26,7,0,0,false
2025-09-14 23:57:11,2025-09-15 23:11:06,UTC+01:00,2025-09-15 18:45:00,2025-09-15 19:22:29,37,8.0,284.0,164,126,63,23,6,0,0,false
2025-09-07 23:14:34,2025-09-08 23:18:49,UTC+01:00,2025-09-08 18:42:00,2025-09-08 19:25:29,43,11.2,440.0,183,140,47,22,24,7,0,false
2025-09-06 00:02:18,2025-09-07 01:54:12,UTC+01:00,2025-09-07 00:00:00,2025-09-07 00:25:29,25,6.7,202.0,171,129,81,15,3,1,0,false
2025-09-03 23:44:09,2025-09-04 23:46:39,UTC+01:00,2025-09-04 09:47:41,2025-09-04 10:35:07,47,12.2,201.0,150,106,53,5,0,0,0,false
2025-08-31 23:32:42,2025-09-02 00:00:00,UTC+01:00,2025-09-01 18:22:30,2025-09-01 19:20:59,58,9.2,416.0,166,124,74,18,2,0,0,false
2025-08-31 23:32:42,2025-09-02 00:00:00,UTC+01:00,2025-09-01 09:44:47,2025-09-01 10:34:03,49,12.5,123.0,132,98,31,0,0,0,0,false
2025-08-26 23:13:57,2025-08-28 00:03:23,UTC+01:00,2025-08-27 09:31:49,2025-08-27 10:28:56,57,12.4,119.0,144,92,20,0,0,0,0,false
2025-08-17 23:26:37,2025-08-18 23:19:37,UTC+01:00,2025-08-18 10:15:24,2025-08-18 10:26:26,11,4.7,58.0,163,115,60,10,3,0,0,false
2025-08-17 23:26:37,2025-08-18 23:19:37,UTC+01:00,2025-08-18 09:37:10,2025-08-18 10:14:42,37,9.3,83.0,129,96,26,0,0,0,0,false
2025-08-11 23:59:42,2025-08-12 23:47:41,UTC+01:00,2025-08-12 09:53:41,2025-08-12 10:44:16,50,11.3,78.0,130,86,10,0,0,0,0,false
2025-08-03 23:13:18,2025-08-04 23:27:08,UTC+01:00,2025-08-04 09:22:29,2025-08-04 10:10:53,48,10.8,69.0,122,87,5,0,0,0,0,false
2025-07-21 23:25:26,2025-07-22 23:27:32,UTC+01:00,2025-07-22 13:23:29,2025-07-22 14:25:20,61,14.3,734.0,184,148,6,37,42,10,0,false
2025-07-02 23:32:32,2025-07-03 23:19:07,UTC+02:00,2025-07-03 09:21:00,2025-07-03 09:50:59,29,16.1,538.0,202,180,5,7,10,13,65,false
2025-07-01 23:10:56,2025-07-02 23:32:32,UTC+02:00,2025-07-02 12:04:30,2025-07-02 12:26:59,22,12.4,326.0,194,162,11,11,25,23,30,false
2025-06-29 00:09:16,2025-06-29 23:39:25,UTC+02:00,2025-06-29 20:13:30,2025-06-29 20:43:29,29,11.2,345.0,204,146,14,18,37,20,6,false
2025-06-24 22:48:51,2025-06-26 00:09:50,UTC+01:00,2025-06-25 09:32:05,2025-06-25 10:16:12,44,12.0,67.0,132,87,5,0,0,0,0,false
2025-06-22 23:47:38,2025-06-23 23:49:27,UTC+01:00,2025-06-23 09:23:45,2025-06-23 10:19:59,56,12.4,82.0,126,87,4,0,0,0,0,false
2025-05-24 23:15:32,2025-05-25 22:53:29,UTC+01:00,2025-05-25 16:06:00,2025-05-25 17:01:29,55,9.7,441.0,160,129,64,31,1,0,0,false
2025-05-21 23:15:36,2025-05-22 23:33:16,UTC+01:00,2025-05-22 09:09:02,2025-05-22 10:01:43,52,11.8,96.0,130,93,15,0,0,0,0,false
2025-04-23 23:18:20,2025-04-25 00:16:31,UTC+01:00,2025-04-24 11:25:30,2025-04-24 12:23:44,58,9.5,433.0,165,126,67,26,2,0,0,false
2025-04-21 22:43:22,2025-04-22 23:21:59,UTC+01:00,2025-04-22 09:11:04,2025-04-22 10:15:20,64,14.0,232.0,150,103,46,3,0,0,0,false
2025-04-18 23:22:28,2025-04-19 23:32:13,UTC+01:00,2025-04-19 16:15:00,2025-04-19 16:34:29,19,11.5,272.0,206,160,18,16,14,19,33,false
2025-04-17 23:38:17,2025-04-18 23:22:28,UTC+01:00,2025-04-18 14:34:30,2025-04-18 15:10:29,35,10.3,378.0,182,142,30,42,24,4,0,false
2025-04-01 22:52:01,2025-04-03 00:21:30,UTC+01:00,2025-04-02 09:57:52,2025-04-02 10:48:44,50,11.3,109.0,141,96,25,0,0,0,0,false
2025-03-31 00:11:00,2025-04-01 00:27:58,UTC+01:00,2025-03-31 09:38:21,2025-03-31 10:42:38,64,13.0,102.0,125,88,12,0,0,0,0,false
2025-03-19 00:10:44,2025-03-20 00:43:57,UTCZ,2025-03-19 09:23:12,2025-03-19 10:21:30,58,13.3,152.0,148,99,29,1,0,0,0,false
2025-03-10 00:26:15,2025-03-11 00:44:44,UTCZ,2025-03-10 09:01:36,2025-03-10 09:59:39,58,13.2,195.0,150,105,48,1,0,0,0,false
2025-03-03 00:33:08,2025-03-03 23:25:20,UTCZ,2025-03-03 09:24:03,2025-03-03 10:15:13,51,15.1,237.0,157,113,61,6,0,0,0,false
2025-02-19 00:28:36,2025-02-20 00:33:19,UTCZ,2025-02-19 09:30:10,2025-02-19 10:31:27,61,11.6,135.0,141,99,27,0,0,0,0,false
2025-02-18 01:09:26,2025-02-19 00:28:36,UTCZ,2025-02-18 11:39:14,2025-02-18 13:06:09,86,15.9,1058.0,181,152,8,28,57,6,0,false
2025-02-17 01:00:49,2025-02-18 01:09:26,UTCZ,2025-02-17 09:20:42,2025-02-17 10:20:52,60,14.0,206.0,157,106,51,1,0,0,0,false
2025-02-10 00:36:59,2025-02-11 01:11:03,UTCZ,2025-02-10 09:33:40,2025-02-10 10:35:58,62,13.3,261.0,156,111,61,3,0,0,0,false
2025-02-03 23:29:42,2025-02-04 22:57:04,UTCZ,2025-02-04 09:15:55,2025-02-04 10:20:09,64,13.3,159.0,141,98,33,0,0,0,0,false
2025-02-02 23:27:09,2025-02-03 23:29:42,UTCZ,2025-02-03 12:31:01,2025-02-03 13:35:38,64,15.0,812.0,187,153,5,31,45,18,0,false
2025-01-29 00:07:19,2025-01-30 00:42:27,UTCZ,2025-01-29 09:30:23,2025-01-29 10:30:18,59,11.8,123.0,147,95,20,0,0,0,0,false
2025-01-27 23:58:07,2025-01-29 00:07:19,UTCZ,2025-01-28 14:08:33,2025-01-28 15:09:28,60,16.4,872.0,192,162,3,6,51,35,3,false
2025-01-27 00:47:06,2025-01-27 23:58:07,UTCZ,2025-01-27 09:28:46,2025-01-27 10:35:28,66,14.2,283.0,158,109,52,7,0,0,0,false
2025-01-14 01:05:37,2025-01-15 00:21:44,UTCZ,2025-01-14 09:36:42,2025-01-14 10:16:31,39,10.1,99.0,142,98,9,0,0,0,0,false
2025-01-08 00:45:09,2025-01-09 01:02:21,UTCZ,2025-01-08 16:02:29,2025-01-08 16:47:19,44,12.3,493.0,178,145,16,26,38,10,0,false
2025-01-07 00:52:10,2025-01-08 00:45:09,UTCZ,2025-01-07 09:48:00,2025-01-07 10:40:45,52,13.5,201.0,154,108,16,1,0,0,0,false
2024-12-25 01:13:28,2024-12-26 00:41:30,UTCZ,2024-12-25 11:04:30,2024-12-25 11:41:59,37,12.6,480.0,178,154,2,32,58,6,0,false
2024-12-19 23:48:17,2024-12-21 00:17:21,UTCZ,2024-12-20 09:35:44,2024-12-20 10:37:42,61,14.4,170.0,145,101,10,0,0,0,0,false
2024-12-17 23:48:38,2024-12-19 00:15:52,UTCZ,2024-12-18 09:44:44,2024-12-18 10:39:44,55,10.2,124.0,145,99,4,0,0,0,0,false
2024-12-16 23:52:12,2024-12-17 23:48:38,UTCZ,2024-12-17 16:07:52,2024-12-17 17:08:08,60,14.7,758.0,184,153,8,18,64,6,0,false
2024-12-15 23:32:04,2024-12-16 23:52:12,UTCZ,2024-12-16 09:49:25,2024-12-16 10:54:58,65,12.9,201.0,143,103,7,0,0,0,0,false
2024-12-11 23:00:54,2024-12-13 01:08:07,UTC+01:00,2024-12-12 10:27:00,2024-12-12 10:49:29,22,4.8,74.0,129,106,1,0,0,0,0,false
2024-12-10 21:16:42,2024-12-11 23:00:54,UTC+01:00,2024-12-11 13:18:00,2024-12-11 13:32:59,14,4.9,76.0,151,115,25,9,0,0,0,false
2024-12-09 23:19:14,2024-12-10 20:16:42,UTCZ,2024-12-10 14:04:30,2024-12-10 14:31:29,26,8.4,271.0,173,141,26,55,16,0,0,false
2024-12-07 00:09:08,2024-12-08 00:06:40,UTCZ,2024-12-07 09:52:27,2024-12-07 10:45:52,53,11.7,118.0,134,96,6,0,0,0,0,false
2024-12-06 00:21:10,2024-12-07 00:09:08,UTCZ,2024-12-06 09:50:55,2024-12-06 10:50:41,59,11.8,162.0,141,102,7,0,0,0,0,false
2024-12-03 23:00:27,2024-12-05 00:33:55,UTCZ,2024-12-04 12:25:30,2024-12-04 12:55:54,30,10.9,368.0,176,151,3,35,57,2,0,false
2024-12-02 23:15:53,2024-12-03 23:00:27,UTCZ,2024-12-03 09:59:35,2024-12-03 11:05:51,66,14.1,255.0,151,107,19,2,0,0,0,false
2024-12-02 00:33:35,2024-12-02 23:15:53,UTCZ,2024-12-02 13:23:41,2024-12-02 14:32:36,68,15.6,844.0,188,152,14,14,40,16,6,false
2024-11-26 23:40:26,2024-11-28 01:08:12,UTCZ,2024-11-27 10:01:43,2024-11-27 10:45:20,43,11.5,90.0,138,95,3,0,0,0,0,false
2024-11-26 00:16:43,2024-11-26 23:40:26,UTCZ,2024-11-26 10:36:17,2024-11-26 12:07:47,91,15.8,1080.0,184,149,7,35,51,3,0,false
2024-11-25 00:13:48,2024-11-26 00:16:43,UTCZ,2024-11-25 10:08:55,2024-11-25 11:14:50,65,13.6,200.0,146,103,10,0,0,0,0,false
2024-11-22 00:59:23,2024-11-22 23:49:59,UTCZ,2024-11-22 09:50:18,2024-11-22 10:56:12,65,14.1,311.0,161,113,24,6,0,0,0,false
2024-11-18 00:12:47,2024-11-18 23:39:19,UTCZ,2024-11-18 10:02:20,2024-11-18 11:06:54,64,11.5,140.0,126,96,48,7,0,0,0,false
2024-11-17 00:06:44,2024-11-18 00:12:47,UTCZ,2024-11-17 17:13:47,2024-11-17 18:26:12,72,16.3,971.0,188,158,0,3,23,68,5,false
2024-11-14 23:48:00,2024-11-15 23:32:01,UTCZ,2024-11-15 10:01:15,2024-11-15 10:59:26,58,13.2,160.0,142,101,50,20,0,0,0,false
2024-11-14 00:20:39,2024-11-14 23:48:00,UTCZ,2024-11-14 15:28:30,2024-11-14 16:24:20,55,14.0,687.0,176,152,0,7,37,55,0,false
2024-11-12 22:47:34,2024-11-14 00:20:39,UTCZ,2024-11-13 10:00:59,2024-11-13 11:08:42,67,13.1,190.0,149,101,46,21,0,0,0,false
2024-11-11 23:03:27,2024-11-12 22:47:34,UTCZ,2024-11-12 13:56:33,2024-11-12 15:02:19,65,16.9,947.0,183,163,1,6,9,73,11,false
2024-11-11 00:21:32,2024-11-11 23:03:27,UTCZ,2024-11-11 09:52:59,2024-11-11 11:00:53,67,12.7,136.0,133,97,50,6,0,0,0,false
2024-11-07 00:10:35,2024-11-07 23:51:07,UTCZ,2024-11-07 14:13:08,2024-11-07 15:13:25,60,16.0,843.0,182,160,0,2,15,81,0,false
2024-11-06 00:18:47,2024-11-07 00:10:35,UTCZ,2024-11-06 09:52:45,2024-11-06 10:59:49,67,13.4,175.0,143,99,47,17,0,0,0,false
2024-10-31 23:38:20,2024-11-02 00:02:49,UTCZ,2024-11-01 10:52:04,2024-11-01 11:05:14,13,5.3,99.0,150,127,10,61,29,0,0,false
2024-10-31 23:38:20,2024-11-02 00:02:49,UTCZ,2024-11-01 09:56:12,2024-11-01 10:51:01,54,13.6,161.0,149,102,46,21,4,0,0,false
2024-10-30 23:46:26,2024-10-31 23:38:20,UTCZ,2024-10-31 12:09:45,2024-10-31 13:10:17,60,14.5,760.0,177,153,0,4,41,54,0,false
2024-10-29 23:11:47,2024-10-30 23:46:26,UTCZ,2024-10-30 10:00:05,2024-10-30 11:00:34,60,13.3,332.0,167,117,40,33,20,1,0,false
2024-10-29 00:12:22,2024-10-29 23:11:47,UTCZ,2024-10-29 15:58:46,2024-10-29 17:02:02,63,14.2,772.0,173,152,1,3,57,39,0,false
2024-10-27 22:44:13,2024-10-29 00:12:22,UTCZ,2024-10-28 10:13:32,2024-10-28 11:21:16,67,13.1,143.0,136,96,42,12,0,0,0,false
2024-10-24 23:43:48,2024-10-25 23:31:50,UTC+01:00,2024-10-25 09:50:55,2024-10-25 10:54:48,63,13.8,156.0,140,100,56,11,0,0,0,false
2024-10-23 22:24:32,2024-10-24 23:43:48,UTC+01:00,2024-10-24 14:05:48,2024-10-24 15:17:09,71,13.5,758.0,170,144,1,22,65,12,0,false
2024-10-22 00:03:48,2024-10-22 23:45:01,UTC+01:00,2024-10-22 10:01:16,2024-10-22 11:03:38,62,12.7,121.0,144,95,38,8,0,0,0,false
2024-10-21 00:02:14,2024-10-22 00:03:48,UTC+01:00,2024-10-21 16:09:40,2024-10-21 17:10:15,60,12.3,590.0,168,139,2,34,49,15,0,false
2024-10-20 00:09:17,2024-10-21 00:02:14,UTC+01:00,2024-10-20 16:42:00,2024-10-20 17:05:59,23,5.4,125.0,146,115,35,47,11,0,0,false
2024-10-19 00:01:40,2024-10-20 00:09:17,UTC+01:00,2024-10-19 13:33:50,2024-10-19 14:34:15,60,15.0,774.0,181,155,1,7,25,65,2,false
2024-10-18 00:18:05,2024-10-19 00:01:40,UTC+01:00,2024-10-18 10:48:43,2024-10-18 11:04:16,15,5.1,92.0,141,120,17,81,2,0,0,false
2024-10-18 00:18:05,2024-10-19 00:01:40,UTC+01:00,2024-10-18 10:00:37,2024-10-18 10:45:49,45,11.8,79.0,129,96,45,4,0,0,0,false
2024-10-17 00:36:25,2024-10-18 00:18:05,UTC+01:00,2024-10-17 14:58:25,2024-10-17 16:02:31,64,15.8,863.0,181,158,1,7,15,75,2,false
2024-10-16 00:08:01,2024-10-17 00:36:25,UTC+01:00,2024-10-16 10:00:20,2024-10-16 11:06:38,66,13.5,182.0,151,102,49,18,2,0,0,false
2024-10-14 23:37:04,2024-10-16 00:08:01,UTC+01:00,2024-10-15 14:56:36,2024-10-15 16:00:27,63,13.7,730.0,172,147,0,8,69,23,0,false
2024-10-14 00:09:49,2024-10-14 23:37:04,UTC+01:00,2024-10-14 09:57:44,2024-10-14 11:05:01,67,13.6,199.0,142,102,44,21,2,0,0,false
2024-10-12 00:16:45,2024-10-13 00:35:08,UTC+01:00,2024-10-12 13:49:30,2024-10-12 14:07:29,17,4.1,28.0,111,92,33,0,0,0,0,false
2024-10-11 00:05:01,2024-10-12 00:16:45,UTC+01:00,2024-10-11 09:55:27,2024-10-11 10:52:25,56,13.8,242.0,147,110,57,35,2,0,0,false
2024-10-10 00:01:05,2024-10-11 00:05:01,UTC+01:00,2024-10-10 16:02:56,2024-10-10 17:04:17,61,15.8,847.0,178,159,0,5,18,77,0,false
2024-10-08 23:48:46,2024-10-10 00:01:05,UTC+01:00,2024-10-09 09:57:19,2024-10-09 11:07:35,70,13.7,191.0,143,100,52,13,0,0,0,false
2024-10-06 23:27:47,2024-10-08 01:04:57,UTC+01:00,2024-10-07 09:47:11,2024-10-07 10:54:04,66,14.0,200.0,145,101,50,19,1,0,0,false
2024-10-06 00:30:00,2024-10-06 23:27:47,UTC+01:00,2024-10-06 11:43:38,2024-10-06 12:30:35,46,14.3,638.0,189,158,1,1,27,66,5,false
2024-10-03 23:59:16,2024-10-05 00:31:01,UTC+01:00,2024-10-04 09:46:27,2024-10-04 10:27:27,41,12.4,138.0,156,105,59,18,4,0,0,false
2024-10-02 23:28:25,2024-10-03 23:59:16,UTC+01:00,2024-10-03 14:57:42,2024-10-03 16:00:53,63,15.8,860.0,183,158,0,0,31,63,4,false
2024-10-02 23:28:25,2024-10-03 23:59:16,UTC+01:00,2024-10-03 10:07:30,2024-10-03 10:26:59,19,5.5,129.0,144,123,19,79,2,0,0,false
2024-10-01 23:33:51,2024-10-02 23:28:25,UTC+01:00,2024-10-02 09:51:33,2024-10-02 11:04:55,73,12.9,128.0,124,94,37,3,0,0,0,false
2024-09-30 23:52:34,2024-10-01 23:33:51,UTC+01:00,2024-10-01 14:49:09,2024-10-01 16:04:34,75,16.8,1023.0,185,158,0,5,33,56,6,false
2024-09-29 23:30:19,2024-09-30 23:52:34,UTC+01:00,2024-09-30 09:46:19,2024-09-30 10:56:49,70,14.0,214.0,149,103,55,18,1,0,0,false
2024-09-29 00:53:07,2024-09-29 23:30:19,UTC+01:00,2024-09-29 16:07:40,2024-09-29 17:20:49,73,16.5,988.0,185,158,0,8,19,70,3,false
2024-09-26 23:20:25,2024-09-27 23:25:57,UTC+01:00,2024-09-27 09:51:39,2024-09-27 10:50:07,58,16.2,102.0,128,92,36,2,0,0,0,false
2024-09-25 22:58:49,2024-09-26 23:20:25,UTC+01:00,2024-09-26 10:35:40,2024-09-26 11:36:12,60,15.3,796.0,182,156,0,10,22,67,1,false
2024-09-24 23:32:28,2024-09-25 22:58:49,UTC+01:00,2024-09-25 09:52:46,2024-09-25 11:02:57,70,13.9,181.0,151,99,43,14,2,0,0,false
2024-09-23 23:04:24,2024-09-24 23:32:28,UTC+01:00,2024-09-24 16:30:22,2024-09-24 18:01:02,90,16.5,1114.0,180,152,1,8,39,51,0,false
2024-09-23 00:26:21,2024-09-23 23:04:24,UTC+01:00,2024-09-23 09:43:58,2024-09-23 10:54:09,70,14.2,136.0,152,94,35,7,0,0,0,false
2024-09-20 23:41:33,2024-09-22 00:02:59,UTC+01:00,2024-09-21 16:45:10,2024-09-21 17:46:17,61,14.1,721.0,180,150,1,14,38,46,0,false
2024-09-20 00:11:41,2024-09-20 23:41:33,UTC+01:00,2024-09-20 09:44:11,2024-09-20 10:45:35,61,14.8,270.0,160,111,49,35,7,0,0,false
2024-09-19 00:18:49,2024-09-20 00:11:41,UTC+01:00,2024-09-19 12:31:52,2024-09-19 13:37:25,65,14.3,770.0,176,149,2,15,36,47,0,false
2024-09-17 23:29:01,2024-09-19 00:18:49,UTC+01:00,2024-09-18 09:41:55,2024-09-18 10:49:05,67,12.9,267.0,159,109,54,27,6,0,0,false
2024-09-16 23:49:12,2024-09-17 23:29:01,UTC+01:00,2024-09-17 14:56:26,2024-09-17 16:00:23,63,15.1,814.0,179,154,4,4,32,60,0,false
2024-09-16 00:04:52,2024-09-16 23:49:12,UTC+01:00,2024-09-16 09:42:29,2024-09-16 10:53:54,71,13.8,202.0,141,102,51,19,0,0,0,false
2024-09-15 00:42:22,2024-09-16 00:04:52,UTC+01:00,2024-09-15 18:11:39,2024-09-15 19:26:41,75,16.4,962.0,190,155,1,14,29,45,11,false
2024-09-12 23:23:01,2024-09-13 23:34:11,UTC+01:00,2024-09-13 09:38:22,2024-09-13 10:33:29,55,15.9,178.0,144,104,57,21,0,0,0,false
2024-09-11 22:54:40,2024-09-12 23:23:01,UTC+01:00,2024-09-12 16:15:12,2024-09-12 17:20:54,65,15.8,865.0,181,156,0,10,27,61,2,false
2024-09-10 23:23:28,2024-09-11 22:54:40,UTC+01:00,2024-09-11 09:40:13,2024-09-11 10:52:26,72,12.6,322.0,158,112,49,35,8,0,0,false
2024-09-09 23:07:34,2024-09-10 23:23:28,UTC+01:00,2024-09-10 15:57:04,2024-09-10 16:57:09,60,14.9,776.0,180,155,0,3,36,60,0,false
2024-09-08 23:30:21,2024-09-09 23:07:34,UTC+01:00,2024-09-09 09:42:13,2024-09-09 10:45:17,63,14.0,423.0,157,123,20,51,25,0,0,false
2024-09-04 22:42:28,2024-09-05 23:20:32,UTC+01:00,2024-09-05 09:32:25,2024-09-05 10:17:11,44,11.3,101.0,128,97,57,3,0,0,0,false
2024-09-02 23:28:24,2024-09-03 23:24:47,UTC+01:00,2024-09-03 09:42:27,2024-09-03 10:34:13,51,11.6,159.0,136,103,63,17,0,0,0,false
2024-08-30 23:20:58,2024-09-01 02:43:45,UTC+01:00,2024-08-31 22:37:30,2024-08-31 23:04:29,26,6.4,189.0,148,125,17,69,14,0,0,false
2024-08-28 23:26:38,2024-08-29 23:50:51,UTC+01:00,2024-08-29 20:48:00,2024-08-29 21:04:29,16,5.7,130.0,150,129,4,75,21,0,0,false
2024-08-28 23:26:38,2024-08-29 23:50:51,UTC+01:00,2024-08-29 09:53:04,2024-08-29 10:54:47,61,14.1,151.0,136,98,48,12,0,0,0,false
2024-08-25 23:49:21,2024-08-26 23:53:14,UTC+01:00,2024-08-26 10:40:44,2024-08-26 10:48:47,8,5.6,83.0,171,141,5,25,60,10,0,false
2024-08-25 23:49:21,2024-08-26 23:53:14,UTC+01:00,2024-08-26 09:46:36,2024-08-26 10:39:34,52,12.5,187.0,154,106,65,20,1,0,0,false
2024-08-20 00:07:52,2024-08-21 00:18:40,UTC+02:00,2024-08-20 08:58:30,2024-08-20 09:31:29,32,4.6,67.0,116,97,62,0,0,0,0,false
2024-08-18 23:31:09,2024-08-20 00:07:52,UTC+02:00,2024-08-19 20:25:30,2024-08-19 20:43:29,17,9.6,236.0,194,156,0,8,29,49,14,false
2024-08-17 22:23:10,2024-08-18 22:31:09,UTC+01:00,2024-08-18 21:18:00,2024-08-18 21:34:29,16,6.1,103.0,182,120,20,13,9,22,0,false
2024-08-15 23:28:22,2024-08-16 23:22:14,UTC+01:00,2024-08-16 09:39:35,2024-08-16 10:43:27,63,13.7,154.0,133,98,51,10,0,0,0,false
2024-07-31 00:21:15,2024-07-31 23:39:43,UTC+01:00,2024-07-31 09:47:42,2024-07-31 10:45:53,58,11.8,100.0,130,91,35,3,0,0,0,false
2024-07-29 00:33:07,2024-07-30 00:27:58,UTC+01:00,2024-07-29 09:47:50,2024-07-29 10:50:52,63,13.8,154.0,138,99,58,9,0,0,0,false
2024-07-25 23:56:18,2024-07-27 00:10:25,UTC+01:00,2024-07-26 09:41:05,2024-07-26 10:41:46,60,11.7,104.0,127,93,36,3,0,0,0,false
2024-07-22 23:57:39,2024-07-23 23:33:37,UTC+01:00,2024-07-23 09:46:35,2024-07-23 10:57:03,70,14.2,151.0,140,97,50,8,0,0,0,false
2024-07-21 00:53:45,2024-07-22 00:43:43,UTC+01:00,2024-07-21 11:16:30,2024-07-21 11:37:29,20,6.4,176.0,154,132,0,68,32,0,0,false
2024-07-16 23:03:57,2024-07-17 23:51:31,UTC+01:00,2024-07-17 09:42:19,2024-07-17 10:45:34,63,13.3,317.0,156,114,39,41,13,0,0,false
2024-07-15 00:18:39,2024-07-15 23:32:49,UTC+01:00,2024-07-15 09:54:00,2024-07-15 11:04:03,70,14.9,169.0,140,98,55,9,0,0,0,false
2024-07-11 00:13:08,2024-07-11 23:46:24,UTC+01:00,2024-07-11 09:45:46,2024-07-11 10:44:20,58,11.6,115.0,141,97,49,6,0,0,0,false
2024-07-08 23:25:05,2024-07-10 00:11:42,UTC+01:00,2024-07-09 09:50:03,2024-07-09 11:01:53,71,14.4,257.0,143,105,50,26,1,0,0,false
2024-07-07 00:16:19,2024-07-07 23:31:21,UTC+01:00,2024-07-07 21:22:30,2024-07-07 21:38:59,16,6.4,157.0,157,137,0,42,58,0,0,false
2024-07-04 23:36:44,2024-07-06 00:55:13,UTC+01:00,2024-07-05 09:50:03,2024-07-05 10:55:54,65,15.9,154.0,135,96,48,6,0,0,0,false
2024-07-02 23:38:29,2024-07-03 23:37:49,UTC+01:00,2024-07-03 09:45:48,2024-07-03 10:57:07,71,13.2,127.0,133,91,29,5,0,0,0,false
2024-07-01 23:45:05,2024-07-02 23:38:29,UTC+01:00,2024-07-02 10:06:00,2024-07-02 10:58:29,52,8.5,372.0,155,125,17,57,26,0,0,false
2024-06-30 23:20:00,2024-07-01 23:45:05,UTC+01:00,2024-07-01 09:47:22,2024-07-01 10:53:02,65,12.8,129.0,150,95,41,5,1,0,0,false
2024-06-29 00:07:03,2024-06-30 02:29:28,UTC+01:00,2024-06-29 23:52:30,2024-06-30 01:05:59,73,11.5,594.0,172,131,9,36,46,3,0,false
2024-06-26 23:16:14,2024-06-28 00:59:30,UTC+01:00,2024-06-27 09:42:46,2024-06-27 10:50:15,67,11.1,189.0,143,103,67,13,0,0,0,false
2024-06-24 23:53:00,2024-06-26 00:29:56,UTC+01:00,2024-06-25 09:55:51,2024-06-25 11:04:56,69,14.5,208.0,155,103,49,20,3,0,0,false
2024-06-20 23:39:43,2024-06-22 00:02:23,UTC+01:00,2024-06-21 09:45:05,2024-06-21 10:43:24,58,15.7,171.0,151,104,59,13,4,0,0,false
2024-06-19 00:28:53,2024-06-19 23:56:30,UTC+01:00,2024-06-19 09:54:33,2024-06-19 10:58:13,63,13.0,132.0,135,98,49,12,0,0,0,false
2024-06-17 23:29:25,2024-06-19 00:28:53,UTC+01:00,2024-06-18 09:46:26,2024-06-18 10:55:19,68,14.2,194.0,140,103,58,20,0,0,0,false
2024-06-13 23:08:46,2024-06-14 23:50:53,UTC+01:00,2024-06-14 09:44:38,2024-06-14 10:50:51,66,14.2,151.0,130,100,60,9,0,0,0,false
2024-06-11 00:02:30,2024-06-11 23:50:45,UTC+01:00,2024-06-11 09:41:27,2024-06-11 10:49:30,68,13.5,210.0,148,104,52,20,2,0,0,false
2024-06-10 00:12:32,2024-06-11 00:02:30,UTC+01:00,2024-06-10 09:48:35,2024-06-10 10:54:41,66,13.9,188.0,147,102,57,20,0,0,0,false
2024-06-07 23:40:12,2024-06-08 23:54:15,UTC+01:00,2024-06-08 20:21:00,2024-06-08 20:55:29,34,11.0,396.0,179,148,1,9,53,37,0,false
2024-06-01 00:03:19,2024-06-02 01:38:50,UTC+01:00,2024-06-01 21:15:00,2024-06-01 21:52:29,37,5.3,123.0,132,106,77,12,0,0,0,false
2024-05-31 00:27:53,2024-06-01 00:03:19,UTC+01:00,2024-05-31 10:02:41,2024-05-31 10:59:23,56,12.6,160.0,143,102,53,17,0,0,0,false
2024-05-28 23:39:08,2024-05-30 00:29:26,UTC+01:00,2024-05-29 11:15:59,2024-05-29 11:26:03,10,7.1,113.0,180,147,11,3,16,60,0,false
2024-05-28 23:39:08,2024-05-30 00:29:26,UTC+01:00,2024-05-29 10:07:02,2024-05-29 11:15:18,68,12.4,142.0,135,96,48,6,0,0,0,false
2024-05-27 00:24:18,2024-05-28 00:00:56,UTC+01:00,2024-05-27 11:03:28,2024-05-27 11:18:33,15,9.8,215.0,185,162,0,3,20,61,16,false
2024-05-27 00:24:18,2024-05-28 00:00:56,UTC+01:00,2024-05-27 09:59:51,2024-05-27 11:01:48,61,14.1,196.0,143,105,56,24,1,0,0,false
2024-05-26 00:44:45,2024-05-27 00:24:18,UTC+01:00,2024-05-26 12:49:30,2024-05-26 13:05:59,16,7.4,180.0,171,145,0,22,62,16,0,false
2024-05-07 23:02:55,2024-05-09 00:28:56,UTC+01:00,2024-05-08 16:51:00,2024-05-08 17:05:59,14,4.0,21.0,115,86,25,0,0,0,0,false
2024-05-07 23:02:55,2024-05-09 00:28:56,UTC+01:00,2024-05-08 08:28:30,2024-05-08 08:49:29,20,6.0,152.0,152,127,11,63,26,0,0,false
2024-05-06 23:17:49,2024-05-07 23:02:55,UTC+01:00,2024-05-07 11:22:30,2024-05-07 12:16:29,53,9.1,403.0,158,129,8,66,26,0,0,false
2024-05-01 00:51:32,2024-05-02 00:47:31,UTC+01:00,2024-05-01 09:42:47,2024-05-01 11:04:06,81,14.2,159.0,134,92,38,8,0,0,0,false
2024-04-23 23:28:48,2024-04-24 23:43:20,UTC+01:00,2024-04-24 10:54:04,2024-04-24 11:09:05,15,7.4,168.0,167,148,4,10,59,27,0,false
2024-04-23 23:28:48,2024-04-24 23:43:20,UTC+01:00,2024-04-24 09:41:35,2024-04-24 10:51:28,69,11.7,131.0,138,95,47,8,0,0,0,false
2024-04-21 23:24:12,2024-04-22 23:37:47,UTC+01:00,2024-04-22 09:33:00,2024-04-22 10:49:09,76,14.5,205.0,143,102,54,19,0,0,0,false
2024-04-18 23:20:17,2024-04-19 23:32:20,UTC+01:00,2024-04-19 11:10:11,2024-04-19 11:25:15,15,8.4,185.0,177,153,1,7,30,60,0,false
2024-04-18 23:20:17,2024-04-19 23:32:20,UTC+01:00,2024-04-19 09:52:37,2024-04-19 11:09:50,77,14.4,175.0,140,96,45,13,0,0,0,false
2024-04-14 23:19:45,2024-04-15 22:52:38,UTC+01:00,2024-04-15 11:05:12,2024-04-15 11:20:18,15,6.6,146.0,165,140,8,22,63,7,0,false
2024-04-14 23:19:45,2024-04-15 22:52:38,UTC+01:00,2024-04-15 09:47:51,2024-04-15 11:03:33,75,14.3,141.0,140,95,48,6,0,0,0,false
2024-04-12 23:24:36,2024-04-13 23:18:01,UTC+01:00,2024-04-13 09:43:23,2024-04-13 10:51:54,68,14.5,219.0,152,103,47,24,2,0,0,false
2024-04-09 23:53:48,2024-04-10 23:20:39,UTC+01:00,2024-04-10 09:52:08,2024-04-10 10:56:18,64,13.7,116.0,139,95,45,7,0,0,0,false
2024-04-07 00:01:11,2024-04-08 00:27:35,UTC+01:00,2024-04-07 11:12:27,2024-04-07 11:22:43,10,6.9,125.0,172,152,7,4,31,58,0,false
2024-04-07 00:01:11,2024-04-08 00:27:35,UTC+01:00,2024-04-07 09:56:17,2024-04-07 11:08:34,72,13.8,166.0,152,95,37,12,2,0,0,false
2024-04-05 23:42:48,2024-04-07 00:01:11,UTC+01:00,2024-04-06 11:14:31,2024-04-06 11:31:20,16,8.4,202.0,172,152,6,0,41,53,0,false
2024-04-05 23:42:48,2024-04-07 00:01:11,UTC+01:00,2024-04-06 09:59:49,2024-04-06 11:12:40,72,14.4,156.0,140,97,49,10,0,0,0,false
2024-03-21 00:56:57,2024-03-22 01:05:58,UTCZ,2024-03-21 14:13:30,2024-03-21 14:34:29,20,6.4,173.0,155,132,3,58,39,0,0,false
2024-03-11 00:14:36,2024-03-11 23:19:18,UTCZ,2024-03-11 11:14:34,2024-03-11 11:27:43,13,5.0,83.0,144,122,10,74,9,0,0,false
2024-03-11 00:14:36,2024-03-11 23:19:18,UTCZ,2024-03-11 10:00:18,2024-03-11 11:12:45,72,12.1,114.0,124,90,35,2,0,0,0,false
2024-03-05 22:25:43,2024-03-06 23:32:10,UTCZ,2024-03-06 11:11:17,2024-03-06 11:26:20,15,8.2,183.0,176,152,5,5,41,49,0,false
2024-03-05 22:25:43,2024-03-06 23:32:10,UTCZ,2024-03-06 10:00:54,2024-03-06 11:10:21,69,12.9,186.0,142,97,38,17,0,0,0,false
2024-03-03 23:17:31,2024-03-04 22:26:24,UTCZ,2024-03-04 13:34:30,2024-03-04 13:52:29,17,5.0,85.0,152,114,61,25,13,0,0,false
2024-03-03 23:17:31,2024-03-04 22:26:24,UTCZ,2024-03-04 11:52:30,2024-03-04 12:16:29,23,5.0,89.0,155,109,76,16,3,0,0,false
2024-03-02 23:23:58,2024-03-03 23:17:31,UTCZ,2024-03-03 20:30:00,2024-03-03 20:59:59,29,6.9,232.0,143,129,3,93,4,0,0,false
2024-03-02 23:23:58,2024-03-03 23:17:31,UTCZ,2024-03-03 09:46:53,2024-03-03 10:23:13,36,10.6,53.0,115,86,24,0,0,0,0,false
2024-03-02 23:23:58,2024-03-03 23:17:31,UTCZ,2024-03-03 07:42:00,2024-03-03 08:02:59,20,7.0,197.0,158,137,2,23,75,0,0,false
2024-02-29 23:43:20,2024-03-01 23:06:48,UTCZ,2024-03-01 10:36:00,2024-03-01 10:58:29,22,5.9,157.0,144,125,0,99,1,0,0,false
2024-02-27 01:32:47,2024-02-27 23:45:35,UTCZ,2024-02-27 11:08:29,2024-02-27 11:21:03,12,7.4,154.0,168,152,0,10,41,49,0,false
2024-02-27 01:32:47,2024-02-27 23:45:35,UTCZ,2024-02-27 09:51:30,2024-02-27 11:08:05,76,11.1,156.0,148,91,30,8,0,0,0,false
2024-02-25 23:49:10,2024-02-27 01:32:47,UTCZ,2024-02-26 11:17:21,2024-02-26 11:32:28,15,9.1,201.0,178,157,2,9,20,69,0,false
2024-02-25 23:49:10,2024-02-27 01:32:47,UTCZ,2024-02-26 09:57:35,2024-02-26 11:14:06,76,14.9,211.0,144,98,38,16,1,0,0,false
2024-02-22 23:08:11,2024-02-23 23:53:38,UTCZ,2024-02-23 10:02:24,2024-02-23 11:22:38,80,15.3,316.0,153,106,28,24,10,0,0,false
2024-02-20 22:52:30,2024-02-22 00:30:42,UTCZ,2024-02-21 09:49:47,2024-02-21 11:10:36,80,11.7,124.0,127,84,19,2,0,0,0,false
2024-02-16 23:55:56,2024-02-18 00:29:22,UTCZ,2024-02-17 09:58:50,2024-02-17 11:01:04,62,14.6,256.0,147,107,21,39,6,0,0,false
2024-02-14 00:08:30,2024-02-15 00:34:09,UTCZ,2024-02-14 09:41:43,2024-02-14 10:57:44,76,12.9,220.0,140,98,36,21,0,0,0,false
2024-02-12 23:15:04,2024-02-14 00:08:30,UTCZ,2024-02-13 13:28:19,2024-02-13 14:43:21,75,17.9,1098.0,188,164,3,1,19,46,30,false
2024-02-12 00:18:30,2024-02-12 23:15:04,UTCZ,2024-02-12 10:02:27,2024-02-12 11:25:41,83,14.2,260.0,143,101,51,20,0,0,0,false
2024-02-11 01:07:49,2024-02-12 00:18:30,UTCZ,2024-02-11 22:27:00,2024-02-11 23:04:29,37,7.0,255.0,140,124,10,90,0,0,0,false
2024-02-08 00:47:35,2024-02-09 00:20:04,UTCZ,2024-02-08 10:59:01,2024-02-08 12:01:50,62,14.0,741.0,170,149,1,7,62,29,0,false
2024-02-06 23:20:42,2024-02-08 00:47:35,UTCZ,2024-02-07 13:04:30,2024-02-07 13:37:29,32,7.6,249.0,167,128,18,35,41,3,0,false
2024-02-06 23:20:42,2024-02-08 00:47:35,UTCZ,2024-02-07 09:47:55,2024-02-07 11:01:44,73,13.2,152.0,129,94,53,4,0,0,0,false
2024-02-04 23:36:26,2024-02-05 23:02:27,UTCZ,2024-02-05 16:57:14,2024-02-05 18:06:27,69,15.4,858.0,179,153,4,9,30,57,0,false
2024-02-02 23:58:39,2024-02-03 23:41:39,UTCZ,2024-02-03 20:31:30,2024-02-03 21:11:59,40,7.3,284.0,141,125,4,95,1,0,0,false
2024-02-02 23:58:39,2024-02-03 23:41:39,UTCZ,2024-02-03 12:49:30,2024-02-03 13:13:29,23,6.1,169.0,142,125,8,90,2,0,0,false
2024-01-31 23:34:14,2024-02-02 00:29:42,UTCZ,2024-02-01 13:07:30,2024-02-01 13:32:59,25,4.3,47.0,120,95,41,0,0,0,0,false
2024-01-30 23:11:11,2024-01-31 23:34:14,UTCZ,2024-01-31 10:00:24,2024-01-31 11:23:21,82,12.6,218.0,142,98,39,15,0,0,0,false
2024-01-29 23:19:12,2024-01-30 23:11:11,UTCZ,2024-01-30 11:56:31,2024-01-30 13:16:05,79,17.4,1100.0,185,160,1,7,18,58,15,false
2024-01-29 01:22:37,2024-01-29 23:19:12,UTCZ,2024-01-29 10:07:32,2024-01-29 11:22:20,74,13.3,215.0,137,101,58,14,0,0,0,false
2024-01-27 00:48:08,2024-01-28 00:31:29,UTCZ,2024-01-27 10:03:41,2024-01-27 11:14:34,70,18.0,260.0,158,101,23,26,6,0,0,false
2024-01-25 23:30:35,2024-01-27 00:48:08,UTCZ,2024-01-26 12:37:30,2024-01-26 13:02:59,25,5.1,100.0,134,110,54,36,0,0,0,false
2024-01-24 23:54:44,2024-01-25 23:30:35,UTCZ,2024-01-25 10:00:05,2024-01-25 11:26:43,86,13.6,196.0,141,96,50,11,0,0,0,false
2024-01-21 23:50:39,2024-01-22 23:44:06,UTCZ,2024-01-22 09:50:00,2024-01-22 11:04:00,73,12.9,226.0,133,104,55,21,0,0,0,false
2024-01-20 00:19:20,2024-01-21 00:48:22,UTCZ,2024-01-20 10:02:52,2024-01-20 11:20:08,77,15.5,394.0,154,115,25,45,14,0,0,false
2024-01-19 00:13:22,2024-01-20 00:19:20,UTCZ,2024-01-19 15:54:27,2024-01-19 17:01:54,67,14.2,753.0,175,147,8,13,34,45,0,false
2024-01-16 22:14:19,2024-01-18 02:11:50,UTCZ,2024-01-17 09:56:23,2024-01-17 11:09:47,73,14.3,213.0,146,101,45,20,0,0,0,false
2024-01-15 22:47:56,2024-01-16 22:14:19,UTCZ,2024-01-16 08:18:00,2024-01-16 09:08:59,50,13.1,585.0,174,148,7,7,49,37,0,false
2024-01-14 23:51:53,2024-01-15 22:47:56,UTCZ,2024-01-15 10:05:47,2024-01-15 11:30:14,84,13.5,200.0,132,98,55,7,0,0,0,false
2024-01-13 23:37:51,2024-01-14 23:51:53,UTCZ,2024-01-14 16:15:00,2024-01-14 16:40:29,25,5.0,97.0,136,109,78,20,0,0,0,false
2024-01-13 23:37:51,2024-01-14 23:51:53,UTCZ,2024-01-14 08:06:00,2024-01-14 08:53:59,47,13.8,628.0,175,157,0,1,36,63,0,false
2024-01-12 23:49:21,2024-01-13 23:37:51,UTCZ,2024-01-13 10:34:27,2024-01-13 11:51:00,76,16.4,404.0,169,116,32,45,13,2,0,false
2024-01-11 23:54:54,2024-01-12 23:49:21,UTCZ,2024-01-12 09:51:54,2024-01-12 11:16:26,84,16.0,365.0,151,111,45,36,5,0,0,false
2024-01-11 00:52:22,2024-01-11 23:54:54,UTCZ,2024-01-11 10:01:30,2024-01-11 10:49:29,47,14.2,622.0,184,156,5,5,30,55,5,false
2024-01-08 22:28:35,2024-01-10 00:47:18,UTCZ,2024-01-09 19:42:00,2024-01-09 21:35:59,113,15.6,1211.0,190,144,0,20,67,13,0,false
2024-01-08 22:28:35,2024-01-10 00:47:18,UTCZ,2024-01-09 18:33:00,2024-01-09 19:11:59,38,9.4,365.0,182,138,3,35,58,4,0,false
2024-01-08 22:28:35,2024-01-10 00:47:18,UTCZ,2024-01-09 11:06:53,2024-01-09 11:21:56,15,8.3,189.0,171,154,1,9,32,58,0,false
2024-01-08 22:28:35,2024-01-10 00:47:18,UTCZ,2024-01-09 09:45:30,2024-01-09 11:05:42,80,14.2,303.0,153,107,48,23,8,0,0,false
2024-01-07 22:48:38,2024-01-08 22:28:35,UTCZ,2024-01-08 15:57:24,2024-01-08 17:01:34,64,16.0,858.0,191,158,2,6,20,63,8,false
2024-01-06 23:04:55,2024-01-07 22:48:38,UTCZ,2024-01-07 09:28:30,2024-01-07 10:20:59,52,14.9,722.0,180,160,0,1,20,79,0,false
2024-01-04 22:27:01,2024-01-05 23:02:13,UTC+01:00,2024-01-05 08:04:30,2024-01-05 09:02:59,58,14.3,716.0,176,152,2,4,31,61,0,false
2024-01-03 22:16:52,2024-01-04 22:27:01,UTC+01:00,2024-01-04 14:51:00,2024-01-04 15:49:29,58,12.7,542.0,192,136,9,13,29,36,2,false
2024-01-01 22:15:07,2024-01-02 22:30:03,UTC+01:00,2024-01-02 20:31:30,2024-01-02 21:05:59,34,11.9,391.0,207,148,5,13,47,20,15,false
2024-01-01 22:15:07,2024-01-02 22:30:03,UTC+01:00,2024-01-02 08:34:30,2024-01-02 09:20:59,46,13.4,583.0,174,154,0,5,37,58,0,false
2023-12-29 22:51:38,2023-12-30 23:47:38,UTCZ,2023-12-30 09:07:30,2023-12-30 09:58:29,50,15.0,706.0,188,161,0,1,16,74,8,false
2023-12-28 22:11:22,2023-12-29 22:51:38,UTCZ,2023-12-29 10:16:30,2023-12-29 11:11:59,55,13.9,672.0,185,152,2,7,37,54,0,false
2023-12-27 21:39:58,2023-12-28 22:11:22,UTCZ,2023-12-28 09:46:29,2023-12-28 11:16:18,89,14.5,283.0,149,103,44,25,3,0,0,false
2023-12-25 22:39:51,2023-12-26 22:20:40,UTCZ,2023-12-26 14:46:30,2023-12-26 15:26:59,40,13.2,539.0,179,157,0,0,36,64,0,false
2023-12-23 22:26:06,2023-12-24 23:53:35,UTCZ,2023-12-24 09:08:06,2023-12-24 10:07:12,59,17.1,867.0,190,164,5,5,6,38,45,false
2023-12-22 21:59:34,2023-12-23 22:26:06,UTCZ,2023-12-23 10:35:10,2023-12-23 10:50:17,15,8.9,196.0,173,155,4,3,15,76,0,false
2023-12-22 21:59:34,2023-12-23 22:26:06,UTCZ,2023-12-23 09:12:13,2023-12-23 10:34:01,81,13.9,368.0,161,109,47,28,9,0,0,false
2023-12-21 21:42:48,2023-12-22 21:59:34,UTCZ,2023-12-22 15:59:39,2023-12-22 17:19:59,80,13.7,837.0,162,142,0,16,81,2,0,false
2023-12-20 23:13:02,2023-12-21 21:42:48,UTCZ,2023-12-21 11:16:30,2023-12-21 11:32:39,16,5.6,121.0,143,127,13,79,8,0,0,false
2023-12-20 23:13:02,2023-12-21 21:42:48,UTCZ,2023-12-21 09:59:14,2023-12-21 11:14:15,75,14.9,416.0,163,115,21,50,13,0,0,false
2023-12-19 21:49:19,2023-12-20 23:13:02,UTCZ,2023-12-20 11:16:55,2023-12-20 11:37:21,20,9.3,252.0,167,152,2,5,43,50,0,false
2023-12-19 21:49:19,2023-12-20 23:13:02,UTCZ,2023-12-20 09:59:00,2023-12-20 11:14:51,75,13.4,265.0,135,105,60,23,0,0,0,false
2023-12-18 21:38:39,2023-12-19 21:49:19,UTCZ,2023-12-19 12:15:00,2023-12-19 12:34:29,19,9.2,244.0,176,153,0,10,36,54,0,false
2023-12-17 22:22:02,2023-12-18 21:38:39,UTCZ,2023-12-18 15:56:29,2023-12-18 17:12:33,76,13.4,779.0,161,140,2,23,73,1,0,false
2023-12-16 02:27:46,2023-12-16 22:00:48,UTCZ,2023-12-16 13:46:30,2023-12-16 14:17:59,31,5.7,157.0,138,113,67,33,0,0,0,false
2023-12-11 21:35:51,2023-12-12 21:46:23,UTCZ,2023-12-12 15:52:51,2023-12-12 16:55:07,62,10.5,527.0,157,131,1,73,26,0,0,false
2023-12-10 21:57:06,2023-12-11 21:35:51,UTCZ,2023-12-11 15:48:27,2023-12-11 17:04:51,76,13.8,793.0,165,141,5,10,74,8,0,false
2023-12-08 22:38:18,2023-12-09 22:26:57,UTCZ,2023-12-09 07:14:03,2023-12-09 08:40:35,86,13.8,873.0,162,140,2,24,74,0,0,false
2023-12-06 22:23:18,2023-12-07 21:56:50,UTCZ,2023-12-07 11:59:42,2023-12-07 12:19:50,20,8.7,234.0,165,148,3,13,56,28,0,false
2023-12-06 22:23:18,2023-12-07 21:56:50,UTCZ,2023-12-07 10:32:29,2023-12-07 11:58:52,86,13.8,229.0,147,97,49,11,1,0,0,false
2023-12-05 21:44:34,2023-12-06 22:23:18,UTCZ,2023-12-06 11:25:39,2023-12-06 11:45:46,20,9.5,252.0,169,153,3,3,39,55,0,false
2023-12-05 21:44:34,2023-12-06 22:23:18,UTCZ,2023-12-06 10:04:55,2023-12-06 11:23:57,79,13.5,214.0,150,97,51,9,1,0,0,false
2023-12-04 21:35:24,2023-12-05 21:44:34,UTCZ,2023-12-05 15:43:24,2023-12-05 16:58:43,75,16.1,979.0,179,155,1,2,47,50,0,false
2023-12-03 22:13:28,2023-12-04 21:35:24,UTCZ,2023-12-04 15:46:11,2023-12-04 17:01:28,75,13.9,818.0,173,144,1,17,76,6,0,false
2023-12-01 22:03:54,2023-12-02 23:50:16,UTCZ,2023-12-02 10:09:52,2023-12-02 11:35:36,85,15.0,273.0,158,101,44,18,2,0,0,false
2023-11-30 23:58:12,2023-12-01 22:03:54,UTCZ,2023-12-01 11:21:45,2023-12-01 11:32:04,10,5.9,96.0,164,135,9,7,53,17,0,false
2023-11-30 23:58:12,2023-12-01 22:03:54,UTCZ,2023-12-01 10:01:31,2023-12-01 11:21:06,79,13.0,189.0,133,97,59,6,0,0,0,false
2023-11-29 22:43:10,2023-11-30 23:58:12,UTCZ,2023-11-30 10:01:57,2023-11-30 11:22:24,80,13.7,173.0,144,93,33,7,0,0,0,false
2023-11-27 22:09:53,2023-11-28 22:31:51,UTCZ,2023-11-28 16:09:03,2023-11-28 17:45:42,96,13.8,908.0,171,136,2,48,45,4,0,false
2023-11-26 22:34:43,2023-11-27 22:09:53,UTCZ,2023-11-27 16:03:22,2023-11-27 17:20:02,76,13.3,783.0,163,140,0,23,75,1,0,false
2023-11-25 22:41:47,2023-11-26 22:34:43,UTCZ,2023-11-26 11:30:48,2023-11-26 12:00:56,30,11.2,372.0,169,152,3,4,44,49,0,false
2023-11-25 22:41:47,2023-11-26 22:34:43,UTCZ,2023-11-26 09:59:27,2023-11-26 11:30:03,90,15.4,298.0,149,102,45,20,1,0,0,false
2023-11-24 22:04:39,2023-11-25 22:41:47,UTCZ,2023-11-25 11:15:02,2023-11-25 11:28:30,13,5.2,96.0,138,125,7,93,0,0,0,false
2023-11-24 22:04:39,2023-11-25 22:41:47,UTCZ,2023-11-25 10:05:02,2023-11-25 11:12:58,67,12.4,182.0,147,96,51,8,0,0,0,false
2023-11-22 23:07:27,2023-11-23 23:10:46,UTCZ,2023-11-23 10:00:08,2023-11-23 11:31:49,91,13.5,235.0,139,98,50,12,0,0,0,false
2023-11-21 22:43:35,2023-11-22 23:07:27,UTCZ,2023-11-22 11:20:00,2023-11-22 11:40:38,20,9.0,246.0,167,149,3,8,63,26,0,false
2023-11-21 22:43:35,2023-11-22 23:07:27,UTCZ,2023-11-22 10:05:02,2023-11-22 11:19:31,74,11.6,182.0,140,97,52,7,0,0,0,false
2023-11-20 22:42:10,2023-11-21 22:43:35,UTCZ,2023-11-21 16:12:24,2023-11-21 17:16:41,64,13.9,746.0,168,148,0,6,73,20,0,false
2023-11-16 23:36:41,2023-11-17 23:04:53,UTCZ,2023-11-17 11:30:12,2023-11-17 11:51:32,21,8.7,237.0,166,146,7,7,62,22,0,false
2023-11-16 23:36:41,2023-11-17 23:04:53,UTCZ,2023-11-17 10:04:37,2023-11-17 11:29:29,84,12.6,238.0,141,100,48,18,0,0,0,false
2023-11-15 21:32:52,2023-11-16 23:36:41,UTCZ,2023-11-16 11:34:30,2023-11-16 11:54:23,19,9.0,227.0,171,148,5,6,28,54,0,false
2023-11-15 21:32:52,2023-11-16 23:36:41,UTCZ,2023-11-16 10:15:01,2023-11-16 11:32:46,77,13.7,199.0,147,99,50,15,1,0,0,false
2023-11-14 21:43:46,2023-11-15 21:32:52,UTCZ,2023-11-15 15:44:45,2023-11-15 16:52:09,67,12.6,655.0,175,140,3,30,58,8,0,false
2023-11-12 21:56:30,2023-11-13 22:00:25,UTCZ,2023-11-13 15:53:48,2023-11-13 16:59:32,65,12.8,676.0,163,142,0,16,83,1,0,false
2023-11-12 00:08:03,2023-11-12 21:56:30,UTCZ,2023-11-12 14:40:30,2023-11-12 15:34:29,53,12.5,594.0,169,146,0,13,79,8,0,false
2023-11-10 22:27:51,2023-11-12 00:08:03,UTCZ,2023-11-11 17:55:30,2023-11-11 18:16:29,20,6.8,191.0,148,137,0,37,63,0,0,false
2023-11-10 22:27:51,2023-11-12 00:08:03,UTCZ,2023-11-11 10:06:55,2023-11-11 11:26:58,80,14.7,235.0,151,99,27,18,3,0,0,false
2023-11-08 23:53:42,2023-11-09 22:16:36,UTCZ,2023-11-09 11:46:22,2023-11-09 13:05:07,78,14.1,250.0,145,104,53,23,1,0,0,false
2023-11-07 23:35:21,2023-11-08 23:53:42,UTCZ,2023-11-08 10:10:13,2023-11-08 11:26:04,75,13.2,139.0,128,93,39,5,0,0,0,false
2023-11-05 22:31:11,2023-11-06 21:40:40,UTCZ,2023-11-06 16:42:19,2023-11-06 17:30:26,48,10.1,430.0,165,136,4,48,44,4,0,false
2023-11-04 00:16:02,2023-11-05 00:06:59,UTCZ,2023-11-04 09:02:35,2023-11-04 10:17:49,75,13.8,811.0,169,145,0,10,81,8,0,false
2023-11-02 22:44:30,2023-11-04 00:16:02,UTCZ,2023-11-03 10:07:02,2023-11-03 11:34:54,87,17.5,254.0,146,101,52,17,1,0,0,false
2023-11-01 22:12:34,2023-11-02 22:44:30,UTCZ,2023-11-02 11:29:57,2023-11-02 11:45:02,15,10.0,219.0,180,164,2,2,10,81,5,false
2023-11-01 22:12:34,2023-11-02 22:44:30,UTCZ,2023-11-02 10:08:01,2023-11-02 11:28:09,80,13.4,232.0,144,102,49,23,1,0,0,false
2023-10-31 21:45:44,2023-11-01 22:12:34,UTCZ,2023-11-01 15:58:08,2023-11-01 17:12:33,74,17.2,1053.0,186,162,1,2,15,73,8,false
2023-10-29 23:53:19,2023-10-30 22:50:01,UTCZ,2023-10-30 11:30:50,2023-10-30 11:50:56,20,10.0,235.0,180,149,13,21,7,59,0,false
2023-10-29 23:53:19,2023-10-30 22:50:01,UTCZ,2023-10-30 10:07:41,2023-10-30 11:30:18,82,14.2,205.0,139,97,48,12,0,0,0,false
2023-10-29 00:21:33,2023-10-29 23:53:19,UTCZ,2023-10-29 10:54:10,2023-10-29 11:16:45,22,8.1,192.0,173,133,15,30,4,40,0,false
2023-10-29 00:21:33,2023-10-29 23:53:19,UTCZ,2023-10-29 10:02:26,2023-10-29 10:51:53,49,9.2,102.0,133,92,38,7,0,0,0,false
2023-10-26 23:51:34,2023-10-27 23:43:56,UTC+01:00,2023-10-27 10:05:04,2023-10-27 11:43:32,98,17.7,396.0,163,106,36,21,10,1,0,false
2023-10-24 23:49:08,2023-10-25 23:54:53,UTC+01:00,2023-10-25 11:26:32,2023-10-25 11:40:37,14,8.4,166.0,177,150,11,4,14,63,0,false
2023-10-24 23:49:08,2023-10-25 23:54:53,UTC+01:00,2023-10-25 10:07:25,2023-10-25 11:25:44,78,12.7,217.0,151,99,52,16,0,0,0,false
2023-10-24 00:00:43,2023-10-24 23:49:08,UTC+01:00,2023-10-24 15:55:45,2023-10-24 17:01:00,65,13.5,720.0,177,145,1,12,72,14,0,false
2023-10-22 23:05:45,2023-10-24 01:00:43,UTC+02:00,2023-10-23 11:01:31,2023-10-23 12:41:27,99,15.8,281.0,138,101,50,18,0,0,0,false
2023-10-22 01:30:45,2023-10-22 23:05:45,UTC+02:00,2023-10-22 11:19:30,2023-10-22 11:50:59,31,4.9,77.0,121,102,91,0,0,0,0,false
2023-10-19 23:56:25,2023-10-20 22:26:53,UTC+01:00,2023-10-20 17:09:00,2023-10-20 17:37:29,28,7.7,259.0,154,136,0,43,57,0,0,false
2023-10-19 23:56:25,2023-10-20 22:26:53,UTC+01:00,2023-10-20 10:01:33,2023-10-20 11:36:59,95,16.7,528.0,154,117,32,52,8,0,0,false
2023-10-17 22:52:17,2023-10-19 00:17:12,UTC+01:00,2023-10-18 18:15:00,2023-10-18 18:55:29,40,8.2,324.0,152,130,5,63,32,0,0,false
2023-10-17 22:52:17,2023-10-19 00:17:12,UTC+01:00,2023-10-18 11:17:32,2023-10-18 11:37:42,20,10.7,280.0,174,160,4,0,7,89,0,false
2023-10-17 22:52:17,2023-10-19 00:17:12,UTC+01:00,2023-10-18 10:00:19,2023-10-18 11:14:38,74,12.8,225.0,149,101,49,20,1,0,0,false
2023-10-16 23:13:34,2023-10-17 22:52:17,UTC+01:00,2023-10-17 08:10:30,2023-10-17 08:41:16,30,11.0,368.0,178,150,2,4,50,42,0,false
2023-10-16 00:09:37,2023-10-16 23:13:34,UTC+01:00,2023-10-16 11:07:04,2023-10-16 11:27:05,20,8.8,212.0,177,142,10,2,23,53,0,false
2023-10-16 00:09:37,2023-10-16 23:13:34,UTC+01:00,2023-10-16 09:57:06,2023-10-16 11:06:19,69,13.3,125.0,125,92,33,4,0,0,0,false
2023-10-14 22:51:18,2023-10-16 00:09:37,UTC+01:00,2023-10-15 18:13:30,2023-10-15 18:40:29,26,7.4,243.0,147,135,0,55,45,0,0,false
2023-10-14 22:51:18,2023-10-16 00:09:37,UTC+01:00,2023-10-15 15:31:30,2023-10-15 15:52:29,20,7.1,202.0,153,138,0,40,60,0,0,false
2023-10-14 00:07:07,2023-10-14 22:51:18,UTC+01:00,2023-10-14 11:48:00,2023-10-14 12:22:29,34,7.6,275.0,148,130,5,73,22,0,0,false
2023-10-12 23:08:41,2023-10-14 00:07:07,UTC+01:00,2023-10-13 09:58:34,2023-10-13 11:23:56,85,16.2,311.0,151,102,40,17,7,0,0,false
2023-10-10 22:48:01,2023-10-12 00:01:32,UTC+01:00,2023-10-11 11:18:15,2023-10-11 11:38:36,20,10.2,268.0,177,156,3,9,20,68,0,false
2023-10-10 22:48:01,2023-10-12 00:01:32,UTC+01:00,2023-10-11 10:03:14,2023-10-11 11:14:56,71,15.0,314.0,155,109,48,35,3,0,0,false
2023-10-09 22:50:11,2023-10-10 22:48:01,UTC+01:00,2023-10-10 12:25:42,2023-10-10 13:12:57,47,18.6,876.0,200,184,0,0,2,18,80,false
2023-10-08 23:48:33,2023-10-09 22:50:11,UTC+01:00,2023-10-09 17:24:00,2023-10-09 17:58:29,34,8.4,312.0,152,135,0,56,44,0,0,false
2023-10-08 23:48:33,2023-10-09 22:50:11,UTC+01:00,2023-10-09 11:05:13,2023-10-09 11:25:20,20,10.1,268.0,169,157,2,4,25,69,0,false
2023-10-08 23:48:33,2023-10-09 22:50:11,UTC+01:00,2023-10-09 09:59:33,2023-10-09 11:04:36,65,11.9,175.0,138,100,56,13,0,0,0,false
2023-10-08 00:26:26,2023-10-08 23:48:33,UTC+01:00,2023-10-08 16:57:00,2023-10-08 17:28:31,31,12.2,378.0,194,150,7,11,22,41,16,false
2023-10-08 00:26:26,2023-10-08 23:48:33,UTC+01:00,2023-10-08 10:58:30,2023-10-08 11:52:03,53,6.4,217.0,142,109,70,24,0,0,0,false
2023-10-06 23:34:38,2023-10-08 00:26:26,UTC+01:00,2023-10-07 10:06:36,2023-10-07 11:07:34,60,12.1,173.0,139,93,26,16,0,0,0,false
2023-10-04 23:20:33,2023-10-06 02:05:15,UTC+01:00,2023-10-05 10:11:05,2023-10-05 11:36:07,85,14.0,135.0,122,89,32,1,0,0,0,false
2023-10-02 22:37:20,2023-10-04 18:20:33,UTC-04:00,2023-10-03 14:55:30,2023-10-03 15:16:29,20,4.5,53.0,121,102,87,1,0,0,0,false
2023-10-02 22:37:20,2023-10-04 18:20:33,UTC-04:00,2023-10-03 11:45:00,2023-10-03 12:05:59,20,4.8,79.0,125,110,90,9,0,0,0,false
2023-10-02 22:37:20,2023-10-04 18:20:33,UTC-04:00,2023-10-03 10:39:00,2023-10-03 10:58:29,19,4.7,63.0,129,107,93,6,0,0,0,false
2023-10-02 22:37:20,2023-10-04 18:20:33,UTC-04:00,2023-10-03 08:01:05,2023-10-03 08:31:28,30,14.8,493.0,193,173,1,1,8,36,54,false
2023-09-30 23:48:57,2023-10-01 23:28:33,UTC-04:00,2023-10-01 09:18:00,2023-10-01 09:38:59,20,4.9,78.0,140,109,81,17,0,0,0,false
2023-09-29 20:27:52,2023-09-30 20:48:57,UTC-07:00,2023-09-30 18:12:00,2023-09-30 18:41:59,29,5.8,124.0,168,110,44,16,9,4,0,false
2023-09-27 22:08:09,2023-09-28 22:20:53,UTC-07:00,2023-09-28 12:21:00,2023-09-28 12:44:59,23,5.4,128.0,134,117,37,63,0,0,0,false
2023-09-27 22:08:09,2023-09-28 22:20:53,UTC-07:00,2023-09-28 08:13:31,2023-09-28 08:53:15,39,12.2,472.0,185,150,0,8,57,34,1,false
2023-09-25 22:34:44,2023-09-26 22:22:10,UTC-07:00,2023-09-26 15:13:30,2023-09-26 16:04:52,51,18.2,881.0,203,177,2,3,7,14,74,false
2023-09-24 22:22:44,2023-09-25 22:34:44,UTC-07:00,2023-09-25 09:33:54,2023-09-25 09:59:53,25,13.3,400.0,194,168,0,1,5,59,35,false
2023-09-24 22:22:44,2023-09-25 22:34:44,UTC-07:00,2023-09-25 08:16:22,2023-09-25 08:44:08,27,8.0,39.0,118,89,26,0,0,0,0,false
2023-09-22 21:29:34,2023-09-23 22:39:59,UTC-07:00,2023-09-23 08:39:27,2023-09-23 09:44:15,64,16.5,904.0,195,161,1,2,27,50,20,false
2023-09-21 22:25:24,2023-09-22 21:29:34,UTC-07:00,2023-09-22 08:44:36,2023-09-22 09:18:26,33,14.0,492.0,195,164,3,5,5,60,27,false
2023-09-20 05:24:59,2023-09-21 05:35:03,UTC+01:00,2023-09-20 13:16:30,2023-09-20 14:07:29,50,5.7,149.0,142,105,79,9,0,0,0,false
2023-09-20 05:24:59,2023-09-21 05:35:03,UTC+01:00,2023-09-20 11:51:00,2023-09-20 12:16:29,25,4.6,59.0,126,101,75,2,0,0,0,false
2023-09-18 01:00:03,2023-09-19 00:20:52,UTC+01:00,2023-09-18 11:22:22,2023-09-18 11:42:33,20,8.4,171.0,180,133,38,10,5,41,0,false
2023-09-18 01:00:03,2023-09-19 00:20:52,UTC+01:00,2023-09-18 10:01:31,2023-09-18 11:21:51,80,14.0,207.0,135,101,64,11,0,0,0,false
2023-09-17 02:23:11,2023-09-18 01:00:03,UTC+01:00,2023-09-17 12:50:59,2023-09-17 13:11:08,20,9.9,243.0,182,151,3,27,18,46,6,false
2023-09-17 02:23:11,2023-09-18 01:00:03,UTC+01:00,2023-09-17 11:38:16,2023-09-17 12:49:44,71,13.7,250.0,138,107,61,25,0,0,0,false
2023-09-15 00:00:09,2023-09-16 01:08:57,UTC+01:00,2023-09-15 10:10:19,2023-09-15 11:34:51,84,18.1,319.0,149,107,34,36,2,0,0,false
2023-09-15 00:00:09,2023-09-16 01:08:57,UTC+01:00,2023-09-15 09:58:34,2023-09-15 10:08:02,9,4.2,27.0,134,103,55,21,0,0,0,false
2023-09-12 23:52:02,2023-09-13 23:48:07,UTC+01:00,2023-09-13 11:13:20,2023-09-13 11:22:20,8,5.7,91.0,165,141,3,29,38,30,0,false
2023-09-12 23:52:02,2023-09-13 23:48:07,UTC+01:00,2023-09-13 09:57:18,2023-09-13 11:11:11,73,11.4,146.0,145,96,43,7,1,0,0,false
2023-09-10 23:33:03,2023-09-11 23:09:54,UTC+01:00,2023-09-11 11:04:08,2023-09-11 11:24:20,20,8.5,219.0,165,145,4,5,57,27,0,false
2023-09-10 23:33:03,2023-09-11 23:09:54,UTC+01:00,2023-09-11 09:55:13,2023-09-11 11:03:19,68,12.8,152.0,141,99,60,7,0,0,0,false
2023-09-10 00:09:37,2023-09-10 23:33:03,UTC+01:00,2023-09-10 11:39:00,2023-09-10 13:06:52,87,14.6,914.0,181,143,3,23,48,25,0,false
2023-09-10 00:09:37,2023-09-10 23:33:03,UTC+01:00,2023-09-10 09:30:00,2023-09-10 11:17:59,107,13.6,867.0,180,131,13,49,27,10,0,false
2023-09-09 00:07:57,2023-09-10 00:09:37,UTC+01:00,2023-09-09 15:44:02,2023-09-09 17:00:47,76,16.7,1046.0,177,160,0,1,19,80,0,false
2023-09-08 00:15:24,2023-09-09 00:07:57,UTC+01:00,2023-09-08 10:09:02,2023-09-08 11:33:15,84,16.9,372.0,155,108,25,28,15,0,0,false
2023-09-06 23:48:51,2023-09-08 00:15:24,UTC+01:00,2023-09-07 11:00:53,2023-09-07 11:20:59,20,9.3,203.0,180,140,14,16,2,54,2,false
2023-09-06 23:48:51,2023-09-08 00:15:24,UTC+01:00,2023-09-07 09:52:30,2023-09-07 11:00:20,67,12.7,239.0,153,106,51,29,1,0,0,false
2023-09-05 23:30:05,2023-09-06 23:48:51,UTC+01:00,2023-09-06 11:00:18,2023-09-06 11:56:18,55,19.7,1064.0,209,187,0,0,8,14,78,false
2023-09-04 23:36:14,2023-09-05 23:30:05,UTC+01:00,2023-09-05 11:08:04,2023-09-05 11:23:17,15,9.7,215.0,183,162,0,9,10,69,12,false
2023-09-04 23:36:14,2023-09-05 23:30:05,UTC+01:00,2023-09-05 09:58:51,2023-09-05 11:06:51,68,13.6,238.0,142,106,61,24,0,0,0,false
2023-09-03 23:46:47,2023-09-04 23:36:14,UTC+01:00,2023-09-04 16:38:57,2023-09-04 17:50:07,71,18.7,1136.0,194,171,2,2,7,33,56,false
2023-09-01 23:46:24,2023-09-02 23:07:04,UTC+01:00,2023-09-02 10:45:58,2023-09-02 11:06:58,20,10.5,256.0,180,151,8,7,14,65,0,false
2023-09-01 23:46:24,2023-09-02 23:07:04,UTC+01:00,2023-09-02 10:13:00,2023-09-02 10:45:22,32,8.9,45.0,121,81,13,0,0,0,0,false
2023-09-01 23:46:24,2023-09-02 23:07:04,UTC+01:00,2023-09-02 09:59:07,2023-09-02 10:09:04,9,6.0,104.0,163,142,10,8,69,13,0,false
2023-08-29 22:46:56,2023-08-30 23:50:39,UTC+01:00,2023-08-30 11:04:40,2023-08-30 11:14:48,10,7.6,133.0,180,156,7,5,18,68,2,false
2023-08-29 22:46:56,2023-08-30 23:50:39,UTC+01:00,2023-08-30 09:51:05,2023-08-30 11:02:39,71,13.8,279.0,147,108,62,26,1,0,0,false
2023-08-28 22:16:34,2023-08-29 22:46:56,UTC+01:00,2023-08-29 16:14:12,2023-08-29 17:15:38,61,15.6,812.0,184,156,0,7,33,53,5,false
2023-08-27 23:11:25,2023-08-28 22:16:34,UTC+01:00,2023-08-28 11:07:13,2023-08-28 11:14:26,7,5.5,73.0,174,141,3,27,32,38,0,false
2023-08-27 23:11:25,2023-08-28 22:16:34,UTC+01:00,2023-08-28 10:02:13,2023-08-28 11:03:13,60,13.0,198.0,134,103,55,19,0,0,0,false
2023-08-26 00:32:05,2023-08-27 00:25:51,UTC+01:00,2023-08-26 09:59:48,2023-08-26 11:18:03,78,16.8,227.0,140,100,47,17,0,0,0,false
2023-08-24 23:38:28,2023-08-26 00:32:05,UTC+01:00,2023-08-25 19:46:30,2023-08-25 20:32:59,46,10.5,420.0,175,135,9,26,49,13,0,false
2023-08-22 22:12:22,2023-08-23 22:53:21,UTC+01:00,2023-08-23 10:46:22,2023-08-23 10:55:17,8,5.6,92.0,161,141,1,10,86,3,0,false
2023-08-22 22:12:22,2023-08-23 22:53:21,UTC+01:00,2023-08-23 09:39:06,2023-08-23 10:44:44,65,13.0,181.0,150,100,55,12,2,0,0,false
2023-08-20 23:48:29,2023-08-21 21:29:44,UTC+01:00,2023-08-21 10:59:33,2023-08-21 11:14:48,15,6.6,137.0,180,134,6,9,50,18,0,false
2023-08-20 23:48:29,2023-08-21 21:29:44,UTC+01:00,2023-08-21 09:50:17,2023-08-21 10:57:18,67,12.5,187.0,137,101,61,11,0,0,0,false
2023-08-17 23:15:05,2023-08-18 21:57:30,UTC+01:00,2023-08-18 09:38:22,2023-08-18 10:47:33,69,15.9,154.0,144,94,31,10,0,0,0,false
2023-08-15 23:29:05,2023-08-16 22:13:17,UTC+01:00,2023-08-16 09:38:08,2023-08-16 10:48:38,70,12.9,157.0,137,97,47,9,0,0,0,false
2023-08-14 22:35:48,2023-08-15 23:29:05,UTC+01:00,2023-08-15 16:47:30,2023-08-15 17:32:51,45,13.4,555.0,179,151,3,6,34,54,0,false
2023-08-13 21:28:42,2023-08-14 22:35:48,UTC+01:00,2023-08-14 10:42:47,2023-08-14 10:52:53,10,6.5,110.0,168,144,13,8,17,58,0,false
2023-08-13 21:28:42,2023-08-14 22:35:48,UTC+01:00,2023-08-14 09:31:00,2023-08-14 10:39:10,68,13.2,141.0,138,93,39,8,0,0,0,false
2023-08-10 23:19:53,2023-08-11 23:01:30,UTC+01:00,2023-08-11 09:37:04,2023-08-11 10:53:36,76,15.6,281.0,148,104,39,31,0,0,0,false
2023-08-08 22:45:04,2023-08-09 23:06:04,UTC+01:00,2023-08-09 09:33:01,2023-08-09 10:39:15,66,12.3,197.0,144,99,51,18,0,0,0,false
2023-08-07 22:49:28,2023-08-08 22:45:04,UTC+01:00,2023-08-08 16:14:22,2023-08-08 17:22:40,68,15.1,833.0,179,151,1,8,35,52,0,false
2023-08-06 22:45:04,2023-08-07 22:49:28,UTC+01:00,2023-08-07 09:31:28,2023-08-07 10:31:29,60,12.6,163.0,137,100,60,11,0,0,0,false
2023-08-02 22:24:14,2023-08-03 23:35:45,UTC+01:00,2023-08-03 09:25:46,2023-08-03 10:39:10,73,16.2,194.0,142,98,49,12,0,0,0,false
2023-08-01 22:38:48,2023-08-02 22:24:14,UTC+01:00,2023-08-02 09:39:09,2023-08-02 10:50:36,71,15.2,142.0,127,93,45,4,0,0,0,false
2023-07-31 23:00:45,2023-08-01 22:38:48,UTC+01:00,2023-08-01 11:25:23,2023-08-01 12:14:57,49,18.0,858.0,205,178,0,0,9,28,63,false
2023-07-30 23:15:28,2023-07-31 23:00:45,UTC+01:00,2023-07-31 09:34:12,2023-07-31 10:38:11,63,13.5,121.0,127,95,45,5,0,0,0,false
2023-07-29 23:17:35,2023-07-30 23:15:28,UTC+01:00,2023-07-30 08:42:19,2023-07-30 10:18:40,96,16.7,1116.0,188,148,9,14,29,45,3,false
2023-07-27 22:12:57,2023-07-28 23:43:42,UTC+01:00,2023-07-28 09:52:23,2023-07-28 10:56:46,64,14.8,151.0,142,95,43,7,0,0,0,false
2023-07-26 23:00:00,2023-07-27 22:12:57,UTC+01:00,2023-07-27 15:44:43,2023-07-27 16:55:59,71,17.1,1022.0,179,162,1,1,17,81,0,false
2023-07-25 22:35:31,2023-07-26 23:00:00,UTC+01:00,2023-07-26 09:55:57,2023-07-26 10:57:21,61,13.0,158.0,141,98,49,15,0,0,0,false
2023-07-24 22:27:19,2023-07-25 22:35:31,UTC+01:00,2023-07-25 12:12:14,2023-07-25 12:55:25,43,15.7,652.0,205,166,0,4,18,42,36,false
2023-07-23 23:47:48,2023-07-24 22:27:19,UTC+01:00,2023-07-24 09:55:26,2023-07-24 11:02:59,67,13.8,156.0,134,97,54,7,0,0,0,false
2023-07-22 00:02:01,2023-07-23 00:09:31,UTC+01:00,2023-07-22 09:44:11,2023-07-22 10:57:53,73,14.9,104.0,123,83,17,0,0,0,0,false
2023-07-18 22:43:12,2023-07-20 00:17:55,UTC+01:00,2023-07-19 09:35:41,2023-07-19 10:47:35,71,13.8,181.0,129,96,48,9,0,0,0,false
2023-07-17 22:34:09,2023-07-18 22:43:12,UTC+01:00,2023-07-18 16:49:43,2023-07-18 17:59:59,70,16.7,961.0,180,158,2,5,17,72,1,false
2023-07-16 23:18:32,2023-07-17 22:34:09,UTC+01:00,2023-07-17 09:33:25,2023-07-17 10:40:05,66,13.9,179.0,138,100,55,15,0,0,0,false
2023-07-14 22:46:26,2023-07-15 23:19:03,UTC+01:00,2023-07-15 09:51:55,2023-07-15 10:56:31,64,16.2,184.0,135,99,46,16,0,0,0,false
2023-07-13 22:43:49,2023-07-14 22:46:26,UTC+01:00,2023-07-14 16:41:04,2023-07-14 17:50:13,69,15.9,904.0,180,156,4,4,24,67,1,false
2023-07-11 22:56:35,2023-07-12 22:33:42,UTC+01:00,2023-07-12 10:00:57,2023-07-12 11:07:33,66,14.0,181.0,144,98,54,10,0,0,0,false
2023-07-10 22:40:40,2023-07-11 22:56:35,UTC+01:00,2023-07-11 16:12:41,2023-07-11 17:18:46,66,15.2,834.0,176,153,0,10,27,61,0,false
2023-07-09 23:49:30,2023-07-10 22:40:40,UTC+01:00,2023-07-10 09:54:12,2023-07-10 11:05:54,71,13.7,135.0,130,92,43,2,0,0,0,false
2023-07-07 22:26:34,2023-07-08 22:43:17,UTC+01:00,2023-07-08 09:55:03,2023-07-08 11:03:55,68,16.1,156.0,132,89,30,8,0,0,0,false
2023-07-06 23:30:18,2023-07-07 22:26:34,UTC+01:00,2023-07-07 16:43:31,2023-07-07 17:47:30,63,16.1,878.0,187,159,1,5,22,68,4,false
2023-07-05 23:01:48,2023-07-06 23:30:18,UTC+01:00,2023-07-06 09:32:42,2023-07-06 10:46:41,73,14.4,185.0,144,95,33,13,0,0,0,false
2023-07-04 22:28:29,2023-07-05 23:01:48,UTC+01:00,2023-07-05 15:53:51,2023-07-05 17:11:09,77,17.0,1070.0,179,159,0,3,20,77,0,false
2023-07-03 22:38:10,2023-07-04 22:28:29,UTC+01:00,2023-07-04 10:01:42,2023-07-04 11:11:38,69,14.2,146.0,149,92,26,4,4,0,0,false
2023-07-02 22:58:30,2023-07-03 22:38:10,UTC+01:00,2023-07-03 16:41:10,2023-07-03 17:45:20,64,15.9,853.0,182,157,4,7,20,68,1,false
2023-06-29 23:06:40,2023-06-30 22:22:16,UTC+01:00,2023-06-30 09:55:18,2023-06-30 11:06:45,71,15.0,202.0,139,97,33,17,0,0,0,false
2023-06-28 22:46:20,2023-06-29 23:06:40,UTC+01:00,2023-06-29 09:56:13,2023-06-29 11:13:29,77,14.4,219.0,141,99,55,11,0,0,0,false
2023-06-27 22:53:35,2023-06-28 22:46:20,UTC+01:00,2023-06-28 16:58:03,2023-06-28 18:03:43,65,17.2,970.0,194,164,1,0,9,81,8,false
2023-06-26 22:28:06,2023-06-27 22:53:35,UTC+01:00,2023-06-27 09:54:51,2023-06-27 11:06:57,72,14.3,225.0,135,103,62,17,0,0,0,false
2023-06-25 22:53:50,2023-06-26 22:28:06,UTC+01:00,2023-06-26 16:40:50,2023-06-26 18:01:20,80,16.4,1048.0,176,155,0,6,41,53,0,false
2023-06-24 22:53:44,2023-06-25 22:53:50,UTC+01:00,2023-06-25 09:46:29,2023-06-25 11:08:13,81,15.6,168.0,130,92,40,3,0,0,0,false
2023-06-23 23:22:33,2023-06-24 22:53:44,UTC+01:00,2023-06-24 16:06:52,2023-06-24 17:17:02,70,15.4,898.0,181,154,0,2,51,47,0,false
2023-06-22 23:27:32,2023-06-23 23:22:33,UTC+01:00,2023-06-23 09:55:59,2023-06-23 10:58:51,62,13.6,188.0,144,98,35,21,1,0,0,false
2023-06-20 22:45:16,2023-06-21 23:00:09,UTC+01:00,2023-06-21 16:29:25,2023-06-21 17:46:56,77,13.9,826.0,171,143,2,21,65,11,0,false
2023-06-19 22:27:44,2023-06-20 22:45:16,UTC+01:00,2023-06-20 09:56:47,2023-06-20 11:06:04,69,14.2,153.0,156,94,37,8,2,0,0,false
2023-06-18 22:44:10,2023-06-19 22:27:44,UTC+01:00,2023-06-19 16:44:43,2023-06-19 17:50:08,65,15.6,855.0,180,156,1,9,26,63,1,false
2023-06-16 23:22:47,2023-06-17 23:04:52,UTC+01:00,2023-06-17 09:24:48,2023-06-17 10:34:00,69,13.8,181.0,138,93,38,12,0,0,0,false
2023-06-15 22:48:20,2023-06-16 23:22:47,UTC+01:00,2023-06-16 17:01:40,2023-06-16 18:11:59,70,16.9,992.0,180,160,0,1,14,83,0,false
2023-06-14 23:02:07,2023-06-15 22:48:20,UTC+01:00,2023-06-15 10:05:22,2023-06-15 11:18:22,73,15.2,198.0,155,96,32,11,3,0,0,false
2023-06-13 23:16:24,2023-06-14 23:02:07,UTC+01:00,2023-06-14 17:03:41,2023-06-14 18:05:25,61,17.8,989.0,186,170,0,0,5,68,27,false
2023-06-12 22:47:07,2023-06-13 23:16:24,UTC+01:00,2023-06-13 09:50:43,2023-06-13 11:06:03,75,13.6,246.0,142,100,61,10,0,0,0,false
2023-06-11 23:19:57,2023-06-12 22:47:07,UTC+01:00,2023-06-12 16:27:49,2023-06-12 17:28:22,60,16.0,841.0,179,162,1,5,10,83,0,false
2023-06-08 22:44:48,2023-06-09 23:10:37,UTC+01:00,2023-06-09 10:04:40,2023-06-09 11:12:10,67,12.9,133.0,134,92,38,5,0,0,0,false
2023-06-05 23:41:45,2023-06-06 23:14:07,UTC+01:00,2023-06-06 08:22:05,2023-06-06 09:13:08,51,8.8,131.0,137,93,43,9,0,0,0,false
2023-06-04 23:20:26,2023-06-05 23:41:45,UTC+01:00,2023-06-05 08:23:53,2023-06-05 09:16:05,52,11.7,117.0,135,92,41,5,0,0,0,false
2023-06-02 23:50:27,2023-06-04 02:39:56,UTC+01:00,2023-06-03 08:31:55,2023-06-03 09:49:32,77,14.5,143.0,131,99,54,9,0,0,0,false
2023-05-31 23:30:20,2023-06-01 20:28:02,UTC+01:00,2023-06-01 08:33:03,2023-06-01 09:35:58,62,9.8,134.0,143,92,35,8,0,0,0,false
2023-05-29 22:45:32,2023-05-31 02:46:22,UTC+01:00,2023-05-30 08:28:37,2023-05-30 09:33:15,64,11.0,108.0,135,87,23,3,0,0,0,false
2023-05-28 22:18:45,2023-05-29 22:45:32,UTC+01:00,2023-05-29 09:41:39,2023-05-29 09:52:52,11,7.3,137.0,173,151,7,4,37,52,0,false
2023-05-28 22:18:45,2023-05-29 22:45:32,UTC+01:00,2023-05-29 08:21:22,2023-05-29 09:39:33,78,13.5,204.0,145,98,43,11,0,0,0,false
2023-05-26 01:18:43,2023-05-27 01:18:51,UTC+01:00,2023-05-26 12:25:55,2023-05-26 13:06:44,40,15.5,627.0,200,167,0,2,18,46,34,false
2023-05-26 01:18:43,2023-05-27 01:18:51,UTC+01:00,2023-05-26 10:10:05,2023-05-26 10:26:06,16,10.5,236.0,184,164,5,1,6,76,12,false
2023-05-26 01:18:43,2023-05-27 01:18:51,UTC+01:00,2023-05-26 09:12:08,2023-05-26 10:08:33,56,12.8,254.0,138,110,61,35,0,0,0,false
2023-05-24 23:34:39,2023-05-26 01:18:43,UTC+01:00,2023-05-25 08:22:50,2023-05-25 09:37:18,74,14.4,171.0,130,93,40,5,0,0,0,false
2023-05-24 00:06:25,2023-05-24 23:34:39,UTC+01:00,2023-05-24 12:58:41,2023-05-24 13:33:18,34,14.7,526.0,203,166,0,3,22,40,35,false
2023-05-22 23:39:15,2023-05-24 00:06:25,UTC+01:00,2023-05-23 08:21:51,2023-05-23 09:30:29,68,12.0,292.0,146,106,55,27,1,0,0,false
2023-05-21 23:22:34,2023-05-22 23:39:15,UTC+01:00,2023-05-22 09:22:15,2023-05-22 09:37:51,15,10.3,220.0,186,160,6,9,11,44,30,false
2023-05-21 23:22:34,2023-05-22 23:39:15,UTC+01:00,2023-05-22 08:18:46,2023-05-22 09:19:57,61,11.6,207.0,134,101,61,13,0,0,0,false
2023-05-18 23:01:45,2023-05-20 03:31:46,UTC+01:00,2023-05-19 09:40:54,2023-05-19 09:51:59,11,9.2,163.0,187,164,11,3,3,54,29,false
2023-05-18 23:01:45,2023-05-20 03:31:46,UTC+01:00,2023-05-19 08:19:45,2023-05-19 09:36:30,76,14.3,315.0,150,105,42,29,2,0,0,false
2023-05-17 22:50:57,2023-05-18 23:01:45,UTC+01:00,2023-05-18 08:21:43,2023-05-18 09:23:25,61,6.4,137.0,155,92,36,7,1,0,0,false
2023-05-16 22:26:52,2023-05-17 22:50:57,UTC+01:00,2023-05-17 09:27:05,2023-05-17 09:38:35,11,4.7,68.0,138,119,23,77,0,0,0,false
2023-05-16 22:26:52,2023-05-17 22:50:57,UTC+01:00,2023-05-17 08:20:24,2023-05-17 09:25:16,64,10.5,216.0,143,103,48,23,1,0,0,false
2023-05-14 20:41:47,2023-05-15 22:41:46,UTC+01:00,2023-05-15 08:23:17,2023-05-15 09:45:55,82,12.9,136.0,147,103,57,18,0,0,0,false
2023-05-11 23:20:54,2023-05-13 02:42:44,UTC+01:00,2023-05-12 08:20:46,2023-05-12 09:45:28,84,11.2,193.0,146,99,49,13,0,0,0,false
2023-05-08 22:26:01,2023-05-10 00:37:32,UTC+01:00,2023-05-09 09:28:10,2023-05-09 09:35:40,7,5.6,76.0,172,142,5,41,21,33,0,false
2023-05-08 22:26:01,2023-05-10 00:37:32,UTC+01:00,2023-05-09 08:22:03,2023-05-09 09:25:54,63,9.4,147.0,142,99,56,10,0,0,0,false
2023-05-03 22:07:25,2023-05-04 23:51:55,UTC+01:00,2023-05-04 09:22:31,2023-05-04 10:39:31,76,14.5,319.0,163,107,36,21,13,0,0,false
2023-05-02 22:13:28,2023-05-03 22:07:25,UTC+01:00,2023-05-03 15:57:14,2023-05-03 17:14:49,77,19.3,1265.0,189,172,0,2,5,32,59,false
2023-05-01 22:31:11,2023-05-02 22:13:28,UTC+01:00,2023-05-02 09:29:55,2023-05-02 10:34:17,64,13.4,184.0,140,101,53,19,0,0,0,false
2023-04-30 23:25:38,2023-05-01 22:31:11,UTC+01:00,2023-05-01 16:50:09,2023-05-01 18:20:19,90,18.9,1340.0,187,165,1,4,14,55,26,false
2023-04-28 23:24:49,2023-04-29 23:28:25,UTC+01:00,2023-04-29 22:13:01,2023-04-29 22:48:25,35,11.9,419.0,178,149,6,5,35,54,0,false
2023-04-28 23:24:49,2023-04-29 23:28:25,UTC+01:00,2023-04-29 16:47:32,2023-04-29 17:58:36,71,16.8,999.0,180,161,1,2,19,78,0,false
2023-04-26 22:43:44,2023-04-27 23:02:21,UTC+01:00,2023-04-27 17:02:41,2023-04-27 18:04:43,62,14.8,782.0,171,152,0,8,43,48,0,false
2023-04-25 22:18:21,2023-04-26 22:43:44,UTC+01:00,2023-04-26 09:53:17,2023-04-26 11:01:36,68,4.8,127.0,134,84,24,5,0,0,0,false
2023-04-12 22:33:14,2023-04-13 22:23:06,UTC+01:00,2023-04-13 15:23:38,2023-04-13 16:36:16,72,16.1,932.0,176,152,2,12,26,58,0,false
2023-04-11 22:24:13,2023-04-12 22:33:14,UTC+01:00,2023-04-12 09:46:52,2023-04-12 11:01:33,74,5.2,142.0,135,88,20,2,0,0,0,false
2023-04-10 22:20:24,2023-04-11 22:24:13,UTC+01:00,2023-04-11 17:27:57,2023-04-11 19:36:57,128,17.5,1504.0,171,145,2,14,65,19,0,false
2023-04-09 22:43:35,2023-04-10 22:20:24,UTC+01:00,2023-04-10 15:23:35,2023-04-10 16:28:15,64,15.9,858.0,178,154,5,5,26,64,0,false
2023-04-08 23:17:35,2023-04-09 22:43:35,UTC+01:00,2023-04-09 17:12:51,2023-04-09 18:14:35,61,14.7,763.0,170,149,1,13,39,46,0,false
2023-04-06 19:32:55,2023-04-07 22:30:27,UTC+01:00,2023-04-07 09:18:11,2023-04-07 12:20:11,181,16.1,1538.0,160,128,21,36,40,0,0,false
2023-04-05 22:47:02,2023-04-06 19:32:55,UTC+01:00,2023-04-06 10:06:49,2023-04-06 11:26:49,80,5.3,154.0,126,87,22,2,0,0,0,false
2023-04-04 22:32:49,2023-04-05 22:47:02,UTC+01:00,2023-04-05 16:30:42,2023-04-05 18:01:06,90,15.6,1017.0,171,143,6,16,52,24,0,false
2023-04-03 21:54:19,2023-04-04 22:32:49,UTC+01:00,2023-04-04 10:03:54,2023-04-04 11:25:20,81,5.2,157.0,127,85,18,2,0,0,0,false
2023-04-02 22:38:58,2023-04-03 21:54:19,UTC+01:00,2023-04-03 16:53:30,2023-04-03 18:27:07,93,18.1,1275.0,181,156,5,3,18,71,1,false
2023-04-01 22:15:14,2023-04-02 22:38:58,UTC+01:00,2023-04-02 10:06:56,2023-04-02 11:19:30,72,6.0,202.0,146,95,33,15,1,0,0,false
2023-03-31 22:01:26,2023-04-01 22:15:14,UTC+01:00,2023-04-01 15:58:38,2023-04-01 17:57:27,118,18.0,1493.0,176,151,3,4,49,44,0,false
2023-03-30 22:20:58,2023-03-31 22:01:26,UTC+01:00,2023-03-31 10:06:19,2023-03-31 11:13:11,66,6.2,200.0,163,95,40,6,2,0,0,false
2023-03-29 21:59:22,2023-03-30 22:20:58,UTC+01:00,2023-03-30 16:59:06,2023-03-30 18:39:25,100,16.8,1202.0,178,147,4,13,48,34,0,false
2023-03-28 22:17:31,2023-03-29 21:59:22,UTC+01:00,2023-03-29 09:59:17,2023-03-29 11:06:12,66,5.4,161.0,138,89,32,4,0,0,0,false
2023-03-27 21:47:14,2023-03-28 22:17:31,UTC+01:00,2023-03-28 17:29:27,2023-03-28 18:45:29,76,16.1,957.0,179,150,4,12,29,54,0,false
2023-03-24 22:35:25,2023-03-25 23:25:40,UTCZ,2023-03-25 08:26:24,2023-03-25 10:00:09,93,6.6,264.0,140,92,30,10,0,0,0,false
2023-03-21 21:47:49,2023-03-22 23:47:27,UTCZ,2023-03-22 09:41:45,2023-03-22 09:57:40,15,5.8,130.0,160,127,9,61,28,2,0,false
2023-03-21 21:47:49,2023-03-22 23:47:27,UTCZ,2023-03-22 08:07:35,2023-03-22 09:38:53,91,5.8,214.0,138,90,36,5,0,0,0,false
2023-03-19 23:35:25,2023-03-20 21:56:10,UTCZ,2023-03-20 09:47:58,2023-03-20 09:58:22,10,7.1,130.0,171,150,4,6,44,46,0,false
2023-03-19 23:35:25,2023-03-20 21:56:10,UTCZ,2023-03-20 08:30:19,2023-03-20 09:45:38,75,6.3,228.0,145,95,33,10,0,0,0,false
2023-03-17 22:57:21,2023-03-19 00:00:24,UTCZ,2023-03-18 08:37:42,2023-03-18 09:58:17,80,8.2,381.0,147,106,46,30,4,0,0,false
2023-03-15 22:32:33,2023-03-16 23:09:57,UTCZ,2023-03-16 08:48:13,2023-03-16 10:22:12,93,6.3,235.0,145,95,37,6,1,0,0,false
2023-03-13 21:20:10,2023-03-14 22:36:22,UTCZ,2023-03-14 10:18:22,2023-03-14 10:34:18,15,9.1,203.0,175,152,10,2,16,70,0,false
2023-03-13 21:20:10,2023-03-14 22:36:22,UTCZ,2023-03-14 08:52:43,2023-03-14 10:16:12,83,5.6,184.0,143,93,32,4,0,0,0,false
2023-03-12 23:32:22,2023-03-13 21:20:10,UTCZ,2023-03-13 11:29:38,2023-03-13 12:31:23,61,15.3,784.0,184,152,5,8,27,53,5,false
2023-03-10 23:37:18,2023-03-11 22:43:13,UTCZ,2023-03-11 10:18:57,2023-03-11 11:35:18,76,6.5,248.0,139,99,40,17,0,0,0,false
2023-03-06 22:37:20,2023-03-07 22:35:53,UTCZ,2023-03-07 09:37:47,2023-03-07 10:56:47,79,6.5,250.0,139,100,56,14,0,0,0,false
2023-03-05 22:34:50,2023-03-06 22:37:20,UTCZ,2023-03-06 09:05:03,2023-03-06 09:20:43,15,8.7,173.0,186,145,14,39,3,27,17,false
2023-03-05 22:34:50,2023-03-06 22:37:20,UTCZ,2023-03-06 07:58:11,2023-03-06 09:00:31,62,5.8,190.0,141,98,44,16,0,0,0,false
2023-03-03 22:31:50,2023-03-04 22:39:01,UTCZ,2023-03-04 09:09:08,2023-03-04 10:57:50,108,7.1,329.0,143,100,46,16,0,0,0,false
2023-03-01 23:17:21,2023-03-02 22:51:04,UTCZ,2023-03-02 09:58:32,2023-03-02 11:18:31,79,4.9,144.0,122,86,23,0,0,0,0,false
2023-02-27 22:34:48,2023-03-01 01:11:40,UTCZ,2023-02-28 08:59:31,2023-02-28 10:27:13,87,5.5,179.0,137,93,43,2,0,0,0,false
2023-02-24 23:59:55,2023-02-25 22:50:20,UTCZ,2023-02-25 08:18:28,2023-02-25 10:14:09,115,5.0,189.0,133,88,25,2,0,0,0,false
2023-02-22 22:23:53,2023-02-23 22:36:33,UTCZ,2023-02-23 08:54:27,2023-02-23 10:18:50,84,5.5,191.0,128,94,34,7,0,0,0,false
2023-02-20 23:00:38,2023-02-21 22:50:20,UTCZ,2023-02-21 08:45:47,2023-02-21 09:50:19,64,5.4,149.0,129,94,49,4,0,0,0,false
2023-02-19 23:00:38,2023-02-20 23:00:38,UTCZ,2023-02-20 08:37:53,2023-02-20 10:13:39,95,6.4,239.0,144,97,45,6,0,0,0,false
2023-02-17 23:59:21,2023-02-19 00:41:24,UTCZ,2023-02-18 08:23:50,2023-02-18 09:55:32,91,5.4,182.0,133,100,60,9,0,0,0,false
2023-02-16 22:54:52,2023-02-17 23:59:21,UTCZ,2023-02-17 09:01:21,2023-02-17 10:38:47,97,6.2,235.0,134,103,65,12,0,0,0,false
2023-02-14 22:24:17,2023-02-16 00:32:31,UTCZ,2023-02-15 08:43:06,2023-02-15 09:52:03,68,5.6,177.0,128,98,55,8,0,0,0,false
2023-02-13 21:55:31,2023-02-14 22:24:17,UTCZ,2023-02-14 07:47:39,2023-02-14 08:25:59,38,13.4,510.0,184,156,3,7,17,72,1,false
2023-02-12 23:03:44,2023-02-13 21:55:31,UTCZ,2023-02-13 09:45:29,2023-02-13 10:50:35,65,5.9,191.0,150,101,45,14,3,0,0,false
2023-02-12 00:23:15,2023-02-12 23:03:44,UTCZ,2023-02-12 09:58:57,2023-02-12 11:04:20,65,5.3,149.0,135,103,66,18,0,0,0,false
2023-02-10 23:57:29,2023-02-12 00:23:15,UTCZ,2023-02-11 14:02:47,2023-02-11 15:40:11,97,5.2,175.0,135,102,66,11,0,0,0,false
2023-02-08 23:32:56,2023-02-10 04:16:59,UTCZ,2023-02-10 01:40:04,2023-02-10 01:40:09,0,0.0,0.0,86,86,0,0,0,0,0,false
2023-02-08 23:32:56,2023-02-10 04:16:59,UTCZ,2023-02-09 08:48:49,2023-02-09 10:23:00,94,6.9,296.0,147,105,52,25,1,0,0,false
2023-02-05 23:11:42,2023-02-06 23:45:15,UTCZ,2023-02-06 10:26:35,2023-02-06 10:42:27,15,6.8,152.0,167,138,12,23,41,24,0,false
2023-02-05 23:11:42,2023-02-06 23:45:15,UTCZ,2023-02-06 08:49:12,2023-02-06 10:24:26,95,4.5,137.0,126,88,20,0,0,0,0,false
2023-02-04 23:06:10,2023-02-05 23:11:42,UTCZ,2023-02-05 09:05:05,2023-02-05 10:11:14,66,5.7,189.0,136,98,49,12,0,0,0,false
2023-02-04 02:17:59,2023-02-04 23:06:10,UTCZ,2023-02-04 11:33:17,2023-02-04 12:31:42,58,14.3,695.0,176,148,11,2,31,54,0,false
2023-02-04 02:17:59,2023-02-04 23:06:10,UTCZ,2023-02-04 09:40:07,2023-02-04 10:42:41,62,7.6,322.0,146,111,43,44,3,0,0,false
2023-02-02 22:59:41,2023-02-04 02:17:59,UTCZ,2023-02-03 08:55:31,2023-02-03 10:14:55,79,8.2,386.0,149,110,54,36,1,0,0,false
2023-02-02 03:28:28,2023-02-02 22:59:41,UTCZ,2023-02-02 16:05:26,2023-02-02 16:47:15,41,13.2,545.0,186,154,0,2,53,44,1,false
2023-01-30 22:57:27,2023-01-31 22:41:32,UTCZ,2023-01-31 08:00:32,2023-01-31 08:31:37,31,11.5,393.0,175,153,0,4,47,49,0,false
2023-01-30 00:06:56,2023-01-30 22:57:27,UTCZ,2023-01-30 09:02:37,2023-01-30 10:10:17,67,4.9,126.0,130,94,43,4,0,0,0,false
2023-01-26 23:48:25,2023-01-28 04:00:29,UTCZ,2023-01-27 08:27:45,2023-01-27 09:39:53,72,6.5,240.0,150,107,43,34,3,0,0,false
2023-01-23 00:14:01,2023-01-23 23:08:46,UTCZ,2023-01-23 09:36:35,2023-01-23 10:49:57,73,5.0,132.0,134,94,44,3,0,0,0,false
2023-01-17 23:54:42,2023-01-18 22:24:56,UTCZ,2023-01-18 08:17:48,2023-01-18 09:23:06,65,6.9,267.0,143,104,38,28,1,0,0,false
2023-01-15 23:03:25,2023-01-16 22:39:53,UTCZ,2023-01-16 10:02:14,2023-01-16 10:18:09,15,8.2,181.0,177,146,2,17,33,43,0,false
2023-01-15 23:03:25,2023-01-16 22:39:53,UTCZ,2023-01-16 08:45:54,2023-01-16 09:59:51,73,5.2,150.0,129,90,35,1,0,0,0,false
2023-01-13 22:28:12,2023-01-15 03:18:25,UTCZ,2023-01-14 09:30:54,2023-01-14 10:44:24,73,5.0,137.0,128,94,39,3,0,0,0,false
2023-01-10 21:33:46,2023-01-11 21:57:41,UTCZ,2023-01-11 09:31:44,2023-01-11 09:38:45,7,4.5,44.0,151,120,26,66,8,0,0,false
2023-01-10 21:33:46,2023-01-11 21:57:41,UTCZ,2023-01-11 08:31:01,2023-01-11 09:29:07,58,4.0,73.0,109,79,8,0,0,0,0,false
2023-01-08 21:56:43,2023-01-09 21:19:54,UTCZ,2023-01-09 08:36:58,2023-01-09 09:41:27,64,6.9,261.0,152,106,47,24,6,0,0,false
2023-01-07 21:58:18,2023-01-08 21:56:43,UTCZ,2023-01-08 09:11:12,2023-01-08 10:19:22,68,4.8,118.0,129,90,36,2,0,0,0,false
2023-01-05 22:09:22,2023-01-06 21:48:25,UTCZ,2023-01-06 16:56:32,2023-01-06 18:10:46,74,16.2,956.0,182,156,2,6,19,69,2,false
2023-01-04 21:27:57,2023-01-05 22:09:22,UTCZ,2023-01-05 10:00:36,2023-01-05 11:06:16,65,6.4,227.0,157,106,50,22,3,0,0,false
2023-01-03 21:42:51,2023-01-04 21:27:57,UTCZ,2023-01-04 16:58:05,2023-01-04 17:59:10,61,15.3,781.0,187,154,1,9,29,49,11,false
2023-01-02 21:21:05,2023-01-03 21:42:51,UTCZ,2023-01-03 10:01:44,2023-01-03 11:07:48,66,6.8,265.0,154,110,46,36,6,0,0,false
2023-01-01 22:49:29,2023-01-02 21:21:05,UTCZ,2023-01-02 17:13:44,2023-01-02 18:16:09,62,9.5,417.0,181,128,18,46,29,4,0,false
2022-12-31 00:12:59,2022-12-31 23:44:00,UTCZ,2022-12-31 10:02:54,2022-12-31 10:56:57,54,8.8,346.0,172,121,30,37,19,8,0,false
2022-12-30 00:06:23,2022-12-31 00:12:59,UTCZ,2022-12-30 17:00:20,2022-12-30 18:00:29,60,14.6,723.0,181,149,4,4,21,64,0,false
2022-12-28 22:47:19,2022-12-30 00:06:23,UTCZ,2022-12-29 10:03:20,2022-12-29 11:05:28,62,5.4,152.0,139,97,44,9,0,0,0,false
2022-12-27 22:51:50,2022-12-28 22:47:19,UTCZ,2022-12-28 16:31:53,2022-12-28 18:03:41,91,16.9,1175.0,178,155,0,5,32,63,0,false
2022-12-26 22:52:59,2022-12-27 22:51:50,UTCZ,2022-12-27 10:01:45,2022-12-27 11:10:17,68,5.9,191.0,157,100,44,12,4,0,0,false
2022-12-25 23:41:58,2022-12-26 22:52:59,UTCZ,2022-12-26 15:59:33,2022-12-26 17:07:04,67,15.7,896.0,176,156,1,1,28,70,0,false
2022-12-24 00:22:06,2022-12-24 23:44:40,UTCZ,2022-12-24 17:02:06,2022-12-24 18:10:11,68,15.9,887.0,183,155,0,2,19,72,2,false
2022-12-22 23:10:08,2022-12-24 00:22:06,UTCZ,2022-12-23 10:08:25,2022-12-23 11:31:51,83,9.3,440.0,163,114,43,33,15,0,0,false
2022-12-21 23:10:08,2022-12-22 23:10:08,UTCZ,2022-12-22 10:00:31,2022-12-22 11:03:53,63,5.7,179.0,144,101,43,20,0,0,0,false
2022-12-21 00:08:53,2022-12-21 23:10:08,UTCZ,2022-12-21 16:29:05,2022-12-21 17:35:34,66,16.4,914.0,185,159,2,3,20,69,6,false
2022-12-20 00:03:52,2022-12-21 00:08:53,UTCZ,2022-12-20 10:09:26,2022-12-20 11:15:22,65,5.5,174.0,147,98,44,13,1,0,0,false
2022-12-18 23:03:03,2022-12-20 00:03:52,UTCZ,2022-12-19 17:09:55,2022-12-19 18:21:27,71,14.1,753.0,179,144,5,22,32,39,0,false
2022-12-16 23:13:12,2022-12-17 22:46:13,UTCZ,2022-12-17 10:02:37,2022-12-17 11:11:32,68,8.9,373.0,170,115,41,26,18,3,0,false
2022-12-15 22:18:04,2022-12-16 23:13:12,UTCZ,2022-12-16 10:08:21,2022-12-16 11:07:24,59,4.8,116.0,135,94,32,9,0,0,0,false
2022-12-14 22:37:45,2022-12-15 22:18:04,UTCZ,2022-12-15 17:25:58,2022-12-15 18:32:12,66,14.5,750.0,186,147,7,10,35,44,1,false
2022-12-13 23:22:20,2022-12-14 22:37:45,UTCZ,2022-12-14 17:31:34,2022-12-14 18:32:57,61,15.3,794.0,179,156,2,8,21,69,0,false
2022-12-12 22:32:46,2022-12-13 23:22:20,UTCZ,2022-12-13 09:59:51,2022-12-13 11:03:36,63,4.9,127.0,144,101,54,15,0,0,0,false
2022-12-11 23:05:54,2022-12-12 22:32:46,UTCZ,2022-12-12 17:12:02,2022-12-12 18:20:32,68,14.5,709.0,182,144,11,15,15,52,1,false
2022-12-07 00:12:03,2022-12-07 22:45:52,UTCZ,2022-12-07 10:07:09,2022-12-07 11:18:46,71,5.3,159.0,130,90,38,1,0,0,0,false
2022-11-30 23:24:32,2022-12-02 00:54:12,UTCZ,2022-12-01 08:50:22,2022-12-01 09:54:07,63,4.9,132.0,142,93,35,10,0,0,0,false
2022-11-29 22:44:44,2022-11-30 23:24:32,UTCZ,2022-11-30 10:12:10,2022-11-30 10:33:33,21,7.8,197.0,170,134,14,11,50,14,0,false
2022-11-29 22:44:44,2022-11-30 23:24:32,UTCZ,2022-11-30 09:13:59,2022-11-30 10:09:39,55,5.7,159.0,146,98,46,10,1,0,0,false
2022-11-27 23:58:11,2022-11-28 22:31:37,UTCZ,2022-11-28 08:53:23,2022-11-28 10:15:58,82,6.2,214.0,128,96,53,3,0,0,0,false
2022-11-21 22:49:13,2022-11-23 01:00:56,UTCZ,2022-11-22 09:05:13,2022-11-22 10:00:31,55,5.7,165.0,132,96,46,9,0,0,0,false
2022-11-20 00:55:19,2022-11-21 00:18:24,UTCZ,2022-11-20 14:15:26,2022-11-20 15:15:52,60,17.8,960.0,190,170,1,1,8,40,49,false
2022-11-19 00:21:55,2022-11-20 00:55:19,UTCZ,2022-11-19 16:59:30,2022-11-19 18:31:31,92,16.0,1099.0,169,148,2,8,69,21,0,false
2022-11-16 22:42:25,2022-11-18 00:55:36,UTCZ,2022-11-17 08:37:22,2022-11-17 10:06:52,89,6.1,224.0,128,92,37,3,0,0,0,false
2022-11-15 22:30:54,2022-11-16 22:42:25,UTCZ,2022-11-16 07:51:13,2022-11-16 08:42:39,51,14.2,673.0,174,154,2,1,47,50,0,false
2022-11-14 22:50:46,2022-11-15 22:30:54,UTCZ,2022-11-15 08:58:33,2022-11-15 10:14:58,76,5.9,202.0,134,95,46,5,0,0,0,false
2022-11-13 23:10:42,2022-11-14 22:50:46,UTCZ,2022-11-14 10:12:03,2022-11-14 11:09:37,57,5.0,127.0,138,89,29,6,0,0,0,false
2022-11-12 23:57:53,2022-11-13 23:10:42,UTCZ,2022-11-13 10:05:49,2022-11-13 10:43:29,37,14.8,574.0,188,166,0,1,14,62,23,false
2022-11-11 22:58:47,2022-11-12 23:57:53,UTCZ,2022-11-12 22:49:49,2022-11-12 23:14:57,25,9.1,248.0,179,137,23,16,32,27,0,false
2022-11-10 22:25:33,2022-11-11 22:58:47,UTCZ,2022-11-11 08:33:53,2022-11-11 10:03:12,89,7.4,319.0,139,101,55,16,0,0,0,false
2022-11-09 22:58:39,2022-11-10 22:25:33,UTCZ,2022-11-10 12:39:38,2022-11-10 13:46:45,67,15.9,917.0,171,157,0,0,32,68,0,false
2022-11-08 22:57:16,2022-11-09 22:58:39,UTCZ,2022-11-09 07:45:12,2022-11-09 08:24:12,38,13.9,553.0,180,160,0,2,23,75,0,false
2022-11-07 22:33:53,2022-11-08 22:57:16,UTCZ,2022-11-08 09:44:21,2022-11-08 10:01:42,17,8.8,213.0,178,149,2,3,47,44,0,false
2022-11-07 22:33:53,2022-11-08 22:57:16,UTCZ,2022-11-08 08:29:56,2022-11-08 09:40:57,71,5.4,153.0,148,90,28,4,1,0,0,false
2022-11-06 22:48:51,2022-11-07 22:33:53,UTCZ,2022-11-07 09:41:10,2022-11-07 09:59:11,18,7.6,196.0,163,143,0,11,84,5,0,false
2022-11-06 22:48:51,2022-11-07 22:33:53,UTCZ,2022-11-07 08:30:02,2022-11-07 09:37:22,67,5.0,138.0,133,89,31,4,0,0,0,false
2022-11-05 23:17:04,2022-11-06 22:48:51,UTCZ,2022-11-06 07:57:42,2022-11-06 08:45:43,48,13.8,631.0,174,157,0,0,30,70,0,false
2022-11-04 22:44:38,2022-11-05 23:17:04,UTCZ,2022-11-05 10:16:08,2022-11-05 10:26:44,10,7.9,142.0,180,158,0,16,14,61,9,false
2022-11-04 22:44:38,2022-11-05 23:17:04,UTCZ,2022-11-05 09:01:01,2022-11-05 10:12:35,71,5.7,183.0,141,98,54,12,0,0,0,false
2022-11-03 22:52:18,2022-11-04 22:44:38,UTCZ,2022-11-04 09:07:45,2022-11-04 10:40:21,92,7.8,353.0,145,103,64,13,1,0,0,false
2022-11-01 22:17:13,2022-11-02 22:38:19,UTCZ,2022-11-02 15:19:34,2022-11-02 16:19:40,60,15.0,754.0,180,151,6,14,27,52,1,false
2022-10-31 22:12:28,2022-11-01 22:17:13,UTCZ,2022-11-01 18:20:48,2022-11-01 19:17:29,56,13.2,608.0,177,141,6,21,46,23,0,false
2022-10-30 23:14:59,2022-10-31 22:12:28,UTCZ,2022-10-31 11:20:54,2022-10-31 11:31:14,10,6.3,114.0,173,144,2,14,59,24,0,false
2022-10-30 23:14:59,2022-10-31 22:12:28,UTCZ,2022-10-31 10:10:47,2022-10-31 11:19:35,68,4.8,118.0,125,88,27,0,0,0,0,false
2022-10-29 23:25:14,2022-10-30 23:14:59,UTCZ,2022-10-30 18:46:05,2022-10-30 19:50:30,64,15.9,847.0,181,157,3,3,20,69,2,false
2022-10-28 00:11:36,2022-10-29 02:35:03,UTC+01:00,2022-10-28 09:00:55,2022-10-28 10:25:55,84,11.0,596.0,162,121,27,51,19,0,0,false
2022-10-26 23:51:43,2022-10-28 00:11:36,UTC+01:00,2022-10-27 15:48:00,2022-10-27 16:25:00,37,15.4,585.0,190,169,0,4,12,37,47,false
2022-10-25 23:26:28,2022-10-26 23:51:43,UTC+01:00,2022-10-26 20:27:38,2022-10-26 21:09:22,41,12.4,487.0,182,146,2,19,48,31,0,false
2022-10-25 23:26:28,2022-10-26 23:51:43,UTC+01:00,2022-10-26 13:04:25,2022-10-26 13:51:23,46,16.5,748.0,192,169,0,0,2,62,36,false
2022-10-24 22:27:38,2022-10-25 23:26:28,UTC+01:00,2022-10-25 10:02:46,2022-10-25 10:17:51,15,7.7,176.0,166,147,5,8,70,17,0,false
2022-10-24 22:27:38,2022-10-25 23:26:28,UTC+01:00,2022-10-25 08:50:38,2022-10-25 10:02:27,71,5.8,182.0,143,96,41,7,0,0,0,false
2022-10-24 00:02:49,2022-10-24 22:27:38,UTC+01:00,2022-10-24 09:13:58,2022-10-24 09:34:13,20,9.3,243.0,179,152,5,5,35,55,0,false
2022-10-24 00:02:49,2022-10-24 22:27:38,UTC+01:00,2022-10-24 08:17:36,2022-10-24 09:12:06,54,4.8,109.0,136,93,36,11,0,0,0,false
2022-10-22 23:37:41,2022-10-24 00:02:49,UTC+01:00,2022-10-23 11:49:44,2022-10-23 12:31:52,42,16.1,681.0,192,173,0,0,5,46,49,false
2022-10-20 22:11:46,2022-10-22 01:41:23,UTC+01:00,2022-10-21 09:31:00,2022-10-21 10:48:00,77,8.5,382.0,156,112,51,31,7,0,0,false
2022-10-19 22:04:37,2022-10-20 22:11:46,UTC+01:00,2022-10-20 15:41:46,2022-10-20 16:17:54,36,14.3,538.0,193,165,0,1,9,70,20,false
2022-10-18 22:33:43,2022-10-19 22:04:37,UTC+01:00,2022-10-19 09:32:26,2022-10-19 09:47:41,15,9.7,210.0,182,159,6,1,15,71,7,false
2022-10-18 22:33:43,2022-10-19 22:04:37,UTC+01:00,2022-10-19 08:17:52,2022-10-19 09:22:32,64,5.4,155.0,141,94,40,6,0,0,0,false
2022-10-17 22:22:40,2022-10-18 22:33:43,UTC+01:00,2022-10-18 14:44:33,2022-10-18 15:22:20,37,14.5,560.0,192,164,0,1,9,70,20,false
2022-10-16 21:34:38,2022-10-17 22:22:40,UTC+01:00,2022-10-17 09:17:19,2022-10-17 09:32:40,15,9.1,202.0,181,158,2,4,21,70,1,false
2022-10-16 21:34:38,2022-10-17 22:22:40,UTC+01:00,2022-10-17 08:18:07,2022-10-17 09:13:06,54,4.5,89.0,130,95,46,3,0,0,0,false
2022-10-14 01:18:14,2022-10-14 23:51:22,UTC+01:00,2022-10-14 08:51:19,2022-10-14 10:09:57,78,10.7,558.0,168,124,22,53,23,1,0,false
2022-10-12 22:06:41,2022-10-14 01:18:14,UTC+01:00,2022-10-13 14:55:38,2022-10-13 15:54:25,58,20.0,1136.0,204,188,0,0,0,8,92,false
2022-10-11 22:28:02,2022-10-12 22:06:41,UTC+01:00,2022-10-12 09:37:05,2022-10-12 09:57:08,20,11.8,298.0,186,164,3,1,10,71,15,false
2022-10-11 22:28:02,2022-10-12 22:06:41,UTC+01:00,2022-10-12 08:32:51,2022-10-12 09:36:20,63,5.3,155.0,132,94,49,5,0,0,0,false
2022-10-10 22:40:52,2022-10-11 22:28:02,UTC+01:00,2022-10-11 08:52:57,2022-10-11 09:58:33,65,4.9,132.0,130,90,27,4,0,0,0,false
2022-10-07 23:06:02,2022-10-09 00:30:46,UTC+01:00,2022-10-08 09:15:39,2022-10-08 09:45:43,30,14.3,481.0,189,171,0,2,3,53,42,false
2022-10-07 23:06:02,2022-10-09 00:30:46,UTC+01:00,2022-10-08 08:21:08,2022-10-08 09:10:58,49,5.2,131.0,138,99,53,13,0,0,0,false
2022-10-06 23:24:18,2022-10-07 23:06:02,UTC+01:00,2022-10-07 10:05:21,2022-10-07 11:09:19,63,9.4,422.0,166,119,15,43,24,0,0,false
2022-10-05 22:23:25,2022-10-06 23:24:18,UTC+01:00,2022-10-06 15:19:16,2022-10-06 15:47:44,28,16.4,547.0,205,188,0,0,0,11,89,false
2022-10-04 22:31:34,2022-10-05 22:23:25,UTC+01:00,2022-10-05 08:51:49,2022-10-05 10:00:35,68,6.7,242.0,146,104,54,20,1,0,0,false
2022-10-03 22:41:18,2022-10-04 22:31:34,UTC+01:00,2022-10-04 09:33:11,2022-10-04 10:19:26,46,4.8,94.0,132,95,43,3,0,0,0,false
2022-09-23 00:25:10,2022-09-25 00:45:27,UTC+01:00,2022-09-24 00:31:48,2022-09-24 01:11:32,39,9.6,370.0,162,133,5,50,42,3,0,false
2022-09-12 22:16:09,2022-09-13 23:40:26,UTC+08:00,2022-09-13 17:18:33,2022-09-13 17:38:44,20,9.2,242.0,171,147,3,17,38,42,0,false
2022-09-12 22:16:09,2022-09-13 23:40:26,UTC+08:00,2022-09-13 17:03:50,2022-09-13 17:14:11,10,6.8,122.0,174,146,2,11,58,27,0,false
2022-09-12 22:16:09,2022-09-13 23:40:26,UTC+08:00,2022-09-13 16:34:23,2022-09-13 17:01:47,27,4.1,39.0,114,75,7,0,0,0,0,false
2022-09-10 22:51:39,2022-09-11 22:43:24,UTC+08:00,2022-09-11 17:03:33,2022-09-11 17:23:59,20,10.9,276.0,191,156,0,5,48,28,18,false
2022-09-10 22:51:39,2022-09-11 22:43:24,UTC+08:00,2022-09-11 16:20:41,2022-09-11 17:00:49,40,4.8,92.0,139,89,28,5,0,0,0,false
2022-09-07 23:18:56,2022-09-09 00:32:00,UTC+01:00,2022-09-08 14:18:05,2022-09-08 15:08:12,50,16.8,777.0,188,167,0,4,7,50,37,false
2022-09-06 22:36:40,2022-09-07 23:18:56,UTC+01:00,2022-09-07 10:03:43,2022-09-07 11:21:30,77,5.1,146.0,129,88,26,2,0,0,0,false
2022-09-05 22:30:43,2022-09-06 22:36:40,UTC+01:00,2022-09-06 13:58:07,2022-09-06 15:10:15,72,18.1,1078.0,186,165,3,7,5,60,24,false
2022-09-01 23:55:42,2022-09-02 22:34:14,UTC+01:00,2022-09-02 10:07:36,2022-09-02 11:18:52,71,6.3,212.0,154,96,38,9,2,0,0,false
2022-08-31 22:39:48,2022-09-01 23:55:42,UTC+01:00,2022-09-01 11:37:19,2022-09-01 12:31:27,54,18.1,920.0,193,175,0,1,6,28,65,false
2022-08-31 00:40:34,2022-08-31 22:39:48,UTC+01:00,2022-08-31 09:37:01,2022-08-31 10:45:27,68,5.6,175.0,133,91,40,3,0,0,0,false
2022-08-30 02:12:07,2022-08-31 00:40:34,UTC+01:00,2022-08-30 15:23:41,2022-08-30 16:25:46,62,15.8,800.0,188,152,7,15,25,37,16,false
2022-08-28 23:05:53,2022-08-30 02:12:07,UTC+01:00,2022-08-29 09:51:40,2022-08-29 11:12:38,80,5.6,180.0,132,91,32,5,0,0,0,false
2022-08-28 00:23:14,2022-08-28 23:05:53,UTC+01:00,2022-08-28 11:34:43,2022-08-28 12:57:04,82,16.6,1060.0,180,152,3,5,39,52,0,false
2022-08-25 23:38:16,2022-08-27 00:15:27,UTC+01:00,2022-08-26 10:06:38,2022-08-26 11:18:41,72,6.2,214.0,132,95,41,7,0,0,0,false
2022-08-25 00:23:21,2022-08-25 23:38:16,UTC+01:00,2022-08-25 14:02:25,2022-08-25 15:35:00,92,19.2,1424.0,181,166,0,2,6,92,0,false
2022-08-23 22:44:26,2022-08-25 00:23:21,UTC+01:00,2022-08-24 11:20:33,2022-08-24 11:30:47,10,7.5,136.0,173,155,1,1,34,64,0,false
2022-08-23 22:44:26,2022-08-25 00:23:21,UTC+01:00,2022-08-24 10:09:05,2022-08-24 11:19:06,70,5.5,169.0,129,90,31,4,0,0,0,false
2022-08-22 22:31:52,2022-08-23 22:44:26,UTC+01:00,2022-08-23 16:49:10,2022-08-23 17:50:31,61,15.6,806.0,180,154,4,7,28,59,1,false
2022-08-21 22:39:49,2022-08-22 22:31:52,UTC+01:00,2022-08-22 11:25:33,2022-08-22 11:35:59,10,5.8,102.0,163,136,3,33,60,2,0,false
2022-08-21 22:39:49,2022-08-22 22:31:52,UTC+01:00,2022-08-22 10:03:49,2022-08-22 11:23:03,79,5.1,158.0,130,86,20,4,0,0,0,false
2022-08-20 22:33:09,2022-08-21 22:39:49,UTC+01:00,2022-08-21 13:54:26,2022-08-21 16:22:36,148,14.3,1049.0,172,120,15,40,21,6,0,false
2022-08-20 22:33:09,2022-08-21 22:39:49,UTC+01:00,2022-08-21 11:32:32,2022-08-21 13:13:33,101,10.3,580.0,163,114,45,39,6,0,0,false
2022-08-19 22:35:09,2022-08-20 22:33:09,UTC+01:00,2022-08-20 17:01:15,2022-08-20 18:21:35,80,18.1,1152.0,184,161,6,7,7,74,6,false
2022-08-18 22:40:07,2022-08-19 22:35:09,UTC+01:00,2022-08-19 10:04:26,2022-08-19 11:28:13,83,6.5,253.0,135,96,39,12,0,0,0,false
2022-08-17 22:37:09,2022-08-18 22:40:07,UTC+01:00,2022-08-18 11:15:48,2022-08-18 12:01:22,45,17.6,794.0,194,177,0,0,4,24,72,false
2022-08-16 22:30:07,2022-08-17 22:37:09,UTC+01:00,2022-08-17 11:33:52,2022-08-17 11:44:09,10,7.9,138.0,179,156,2,6,22,68,0,false
2022-08-16 22:30:07,2022-08-17 22:37:09,UTC+01:00,2022-08-17 10:17:00,2022-08-17 11:31:43,74,5.4,165.0,124,91,36,0,0,0,0,false
2022-08-15 22:25:01,2022-08-16 22:30:07,UTC+01:00,2022-08-16 11:55:46,2022-08-16 13:36:16,100,18.2,1316.0,185,157,7,3,22,62,4,false
2022-08-14 23:06:29,2022-08-15 22:25:01,UTC+01:00,2022-08-15 11:22:38,2022-08-15 11:32:38,10,6.2,108.0,164,144,4,3,72,15,0,false
2022-08-14 23:06:29,2022-08-15 22:25:01,UTC+01:00,2022-08-15 10:00:25,2022-08-15 11:21:44,81,4.8,135.0,134,92,36,2,0,0,0,false
2022-08-11 22:18:05,2022-08-12 22:38:15,UTC+01:00,2022-08-12 11:21:28,2022-08-12 11:31:53,10,7.2,126.0,186,149,3,14,48,23,11,false
2022-08-11 22:18:05,2022-08-12 22:38:15,UTC+01:00,2022-08-12 10:07:19,2022-08-12 11:11:42,64,4.9,107.0,122,88,19,0,0,0,0,false
2022-08-10 22:18:05,2022-08-11 22:18:05,UTC+01:00,2022-08-11 16:53:57,2022-08-11 18:03:57,70,16.0,922.0,178,154,2,7,44,47,0,false
2022-08-09 22:20:37,2022-08-10 22:18:05,UTC+01:00,2022-08-10 09:34:06,2022-08-10 10:55:07,81,7.9,346.0,149,103,40,24,5,0,0,false
2022-08-08 22:40:01,2022-08-09 22:20:37,UTC+01:00,2022-08-09 11:20:01,2022-08-09 12:07:57,47,18.5,882.0,197,183,0,0,2,14,84,false
2022-08-07 23:21:46,2022-08-08 22:40:01,UTC+01:00,2022-08-08 11:20:35,2022-08-08 11:31:20,10,5.7,103.0,158,136,4,25,70,0,0,false
2022-08-07 23:21:46,2022-08-08 22:40:01,UTC+01:00,2022-08-08 10:11:37,2022-08-08 11:20:07,68,5.2,138.0,134,92,36,3,0,0,0,false
2022-08-04 22:30:21,2022-08-05 22:33:08,UTC+01:00,2022-08-05 11:21:18,2022-08-05 11:31:31,10,6.3,114.0,168,147,1,1,73,24,0,false
2022-08-04 22:30:21,2022-08-05 22:33:08,UTC+01:00,2022-08-05 10:12:00,2022-08-05 11:18:49,66,4.8,115.0,135,94,44,5,0,0,0,false
2022-08-03 22:54:17,2022-08-04 22:30:21,UTC+01:00,2022-08-04 16:54:43,2022-08-04 18:03:44,69,17.6,1013.0,184,162,6,1,11,72,9,false
2022-08-02 22:28:24,2022-08-03 22:54:17,UTC+01:00,2022-08-03 10:10:13,2022-08-03 11:25:55,75,6.7,263.0,138,98,49,16,0,0,0,false
2022-08-01 22:29:39,2022-08-02 22:28:24,UTC+01:00,2022-08-02 11:43:24,2022-08-02 12:30:09,46,17.7,816.0,195,178,0,0,4,23,73,false
2022-07-31 23:18:01,2022-08-01 22:29:39,UTC+01:00,2022-08-01 11:16:09,2022-08-01 11:36:11,20,8.7,232.0,163,147,2,3,79,13,0,false
2022-07-31 23:18:01,2022-08-01 22:29:39,UTC+01:00,2022-08-01 10:04:10,2022-08-01 11:15:31,71,5.0,126.0,120,89,30,0,0,0,0,false
2022-07-29 01:12:05,2022-07-29 23:02:17,UTC+01:00,2022-07-29 17:56:25,2022-07-29 18:30:45,34,10.8,365.0,168,142,7,27,29,35,0,false
2022-07-27 22:36:42,2022-07-29 01:12:05,UTC+01:00,2022-07-28 11:34:46,2022-07-28 12:55:16,80,17.1,1057.0,182,155,5,7,26,59,3,false
2022-07-26 22:42:25,2022-07-27 22:36:42,UTC+01:00,2022-07-27 11:10:19,2022-07-27 11:30:26,20,9.1,242.0,168,149,5,4,62,29,0,false
2022-07-26 22:42:25,2022-07-27 22:36:42,UTC+01:00,2022-07-27 10:05:16,2022-07-27 11:07:56,62,4.8,117.0,131,89,34,1,0,0,0,false
2022-07-25 22:43:42,2022-07-26 22:42:25,UTC+01:00,2022-07-26 11:41:09,2022-07-26 12:30:21,49,17.5,835.0,195,176,0,0,2,36,62,false
2022-07-24 23:31:41,2022-07-25 22:43:42,UTC+01:00,2022-07-25 11:19:53,2022-07-25 11:30:54,11,7.5,141.0,174,154,0,11,43,46,0,false
2022-07-24 23:31:41,2022-07-25 22:43:42,UTC+01:00,2022-07-25 10:07:58,2022-07-25 11:18:23,70,5.4,166.0,136,94,34,9,0,0,0,false
2022-07-24 00:21:48,2022-07-24 23:31:41,UTC+01:00,2022-07-24 17:30:41,2022-07-24 18:51:05,80,16.1,1024.0,179,153,0,2,58,40,0,false
2022-07-21 22:46:56,2022-07-23 01:48:17,UTC+01:00,2022-07-22 11:02:33,2022-07-22 11:12:53,10,7.2,121.0,173,150,15,4,7,72,0,false
2022-07-21 22:46:56,2022-07-23 01:48:17,UTC+01:00,2022-07-22 09:53:09,2022-07-22 10:52:23,59,4.2,84.0,126,86,20,1,0,0,0,false
2022-07-20 22:40:19,2022-07-21 22:46:56,UTC+01:00,2022-07-21 16:57:21,2022-07-21 18:00:10,62,18.2,1027.0,186,173,0,3,4,39,54,false
2022-07-19 22:33:22,2022-07-20 22:40:19,UTC+01:00,2022-07-20 10:11:38,2022-07-20 11:29:34,77,6.6,249.0,146,99,49,11,0,0,0,false
2022-07-18 22:30:58,2022-07-19 22:33:22,UTC+01:00,2022-07-19 18:02:38,2022-07-19 19:11:37,68,15.8,889.0,179,153,4,4,34,58,0,false
2022-07-17 22:39:16,2022-07-18 22:30:58,UTC+01:00,2022-07-18 11:30:57,2022-07-18 11:50:57,20,9.1,241.0,170,149,3,9,52,36,0,false
2022-07-17 22:39:16,2022-07-18 22:30:58,UTC+01:00,2022-07-18 10:07:28,2022-07-18 11:28:14,80,7.0,280.0,137,102,52,18,0,0,0,false
2022-07-14 23:36:38,2022-07-15 22:32:42,UTC+01:00,2022-07-15 11:08:29,2022-07-15 11:28:05,19,10.6,260.0,178,155,0,1,27,65,0,false
2022-07-14 23:36:38,2022-07-15 22:32:42,UTC+01:00,2022-07-15 10:08:16,2022-07-15 11:08:09,59,5.5,146.0,143,95,43,3,0,0,0,false
2022-07-11 22:46:57,2022-07-12 22:41:48,UTC+01:00,2022-07-12 10:14:54,2022-07-12 11:18:50,63,6.9,251.0,146,104,42,26,1,0,0,false
2022-07-10 22:50:15,2022-07-11 22:46:57,UTC+01:00,2022-07-11 12:37:01,2022-07-11 13:24:11,47,18.2,850.0,197,181,0,0,3,22,75,false
2022-07-07 23:14:17,2022-07-08 23:57:22,UTC+01:00,2022-07-08 10:05:17,2022-07-08 11:14:55,69,6.1,205.0,136,97,55,6,0,0,0,false
2022-07-07 00:01:01,2022-07-07 23:14:17,UTC+01:00,2022-07-07 13:55:57,2022-07-07 15:35:17,99,19.5,1508.0,180,165,2,5,4,88,1,false
2022-07-05 23:09:06,2022-07-07 00:01:01,UTC+01:00,2022-07-06 10:03:55,2022-07-06 11:28:07,84,8.7,425.0,161,107,35,36,4,0,0,false
2022-07-04 22:38:28,2022-07-05 23:09:06,UTC+01:00,2022-07-05 17:01:05,2022-07-05 18:11:44,70,17.2,1014.0,188,160,0,5,14,75,5,false
2022-07-03 22:36:18,2022-07-04 22:38:28,UTC+01:00,2022-07-04 10:04:53,2022-07-04 11:18:34,73,5.3,157.0,131,89,29,4,0,0,0,false
2022-06-30 23:12:52,2022-07-01 23:51:23,UTC+01:00,2022-07-01 14:59:13,2022-07-01 15:50:14,51,18.1,888.0,191,177,0,0,4,26,70,false
2022-06-29 23:13:53,2022-06-30 23:12:52,UTC+01:00,2022-06-30 17:00:01,2022-06-30 18:00:12,60,16.3,865.0,178,161,0,4,26,70,0,false
2022-06-28 23:50:08,2022-06-29 23:13:53,UTC+01:00,2022-06-29 09:14:56,2022-06-29 11:02:42,107,5.3,195.0,138,86,22,2,0,0,0,false
2022-06-27 22:37:51,2022-06-28 23:50:08,UTC+01:00,2022-06-28 08:31:22,2022-06-28 09:32:13,60,5.4,160.0,135,95,43,7,0,0,0,false
2022-06-26 22:31:32,2022-06-27 22:37:51,UTC+01:00,2022-06-27 17:19:22,2022-06-27 19:00:18,100,17.1,1244.0,185,150,2,11,49,36,1,false
2022-06-23 22:33:20,2022-06-24 22:31:32,UTC+01:00,2022-06-24 17:22:02,2022-06-24 18:42:23,80,14.5,872.0,180,142,2,29,51,17,0,false
2022-06-22 22:43:57,2022-06-23 22:33:20,UTC+01:00,2022-06-23 09:40:44,2022-06-23 10:45:51,65,4.8,119.0,155,87,18,2,0,0,0,false
2022-06-21 22:40:23,2022-06-22 22:43:57,UTC+01:00,2022-06-22 10:33:29,2022-06-22 11:48:59,75,4.9,134.0,131,87,26,2,0,0,0,false
2022-06-20 22:18:48,2022-06-21 22:40:23,UTC+01:00,2022-06-21 12:28:08,2022-06-21 13:03:39,35,16.3,612.0,194,177,0,1,6,21,72,false
2022-06-19 22:42:49,2022-06-20 22:18:48,UTC+01:00,2022-06-20 15:02:24,2022-06-20 15:50:04,47,18.0,842.0,200,180,0,1,6,17,76,false
2022-06-18 22:33:58,2022-06-19 22:42:49,UTC+01:00,2022-06-19 11:36:24,2022-06-19 12:06:48,30,4.1,44.0,116,84,16,0,0,0,0,false
2022-06-16 22:28:15,2022-06-17 22:30:11,UTC+01:00,2022-06-17 12:50:47,2022-06-17 13:37:40,46,18.4,856.0,202,183,0,1,6,16,77,false
2022-06-15 22:44:40,2022-06-16 22:28:15,UTC+01:00,2022-06-16 11:09:22,2022-06-16 11:57:49,48,5.3,143.0,135,94,44,9,0,0,0,false
2022-06-14 22:50:16,2022-06-15 22:44:40,UTC+01:00,2022-06-15 17:02:41,2022-06-15 18:03:23,60,14.3,710.0,171,146,7,9,48,35,0,false
2022-06-14 00:30:29,2022-06-14 22:50:16,UTC+01:00,2022-06-14 08:35:20,2022-06-14 10:02:02,86,6.7,271.0,131,97,52,10,0,0,0,false
2022-06-12 22:40:42,2022-06-14 00:30:29,UTC+01:00,2022-06-13 10:48:02,2022-06-13 11:25:55,37,13.7,519.0,181,157,0,1,21,73,5,false
2022-06-09 22:12:14,2022-06-10 22:55:43,UTC+01:00,2022-06-10 17:06:08,2022-06-10 18:10:28,64,16.0,836.0,183,157,5,7,12,70,6,false
2022-06-07 23:51:35,2022-06-08 23:13:18,UTC+01:00,2022-06-08 11:03:41,2022-06-08 12:11:53,68,6.2,210.0,131,99,58,10,0,0,0,false
2022-06-06 23:36:29,2022-06-07 23:51:35,UTC+01:00,2022-06-07 09:19:52,2022-06-07 10:37:08,77,5.8,196.0,143,94,42,8,0,0,0,false
2022-06-06 00:02:47,2022-06-06 23:36:29,UTC+01:00,2022-06-06 11:08:03,2022-06-06 12:27:01,78,5.8,197.0,141,95,42,7,0,0,0,false
2022-06-03 23:42:54,2022-06-04 23:15:06,UTC+01:00,2022-06-04 09:40:04,2022-06-04 10:50:52,70,9.8,434.0,164,117,29,42,16,4,0,false
2022-06-02 23:17:15,2022-06-03 23:42:54,UTC+01:00,2022-06-03 08:28:46,2022-06-03 09:23:46,54,4.6,100.0,132,90,30,5,0,0,0,false
2022-05-30 22:35:02,2022-06-01 03:15:41,UTC+01:00,2022-05-31 12:16:55,2022-05-31 13:00:39,43,9.3,303.0,180,122,46,28,14,11,1,false
2022-05-30 00:00:00,2022-05-30 22:35:02,UTC+01:00,2022-05-30 09:07:41,2022-05-30 09:56:59,49,6.0,182.0,135,104,47,27,0,0,0,false
2022-05-27 23:18:19,2022-05-28 23:18:19,UTC+01:00,2022-05-28 12:59:32,2022-05-28 14:03:00,63,19.5,1096.0,192,177,0,4,6,7,83,false
2022-05-26 23:36:58,2022-05-27 23:18:19,UTC+01:00,2022-05-27 09:34:17,2022-05-27 10:35:08,60,10.2,457.0,164,125,18,46,31,2,0,false
2022-05-25 23:32:25,2022-05-26 23:36:58,UTC+01:00,2022-05-26 12:05:11,2022-05-26 12:52:05,46,14.9,653.0,186,159,0,0,16,74,10,false
2022-05-24 22:56:58,2022-05-25 23:32:25,UTC+01:00,2022-05-25 10:39:33,2022-05-25 10:49:38,10,7.4,127.0,169,153,5,6,14,75,0,false
2022-05-24 22:56:58,2022-05-25 23:32:25,UTC+01:00,2022-05-25 09:41:22,2022-05-25 10:38:05,56,6.1,184.0,134,103,68,16,0,0,0,false
2022-05-23 23:34:19,2022-05-24 22:56:58,UTC+01:00,2022-05-24 11:35:28,2022-05-24 12:40:42,65,17.1,859.0,192,158,10,7,9,40,34,false
2022-05-22 22:24:41,2022-05-23 23:34:19,UTC+01:00,2022-05-23 08:18:44,2022-05-23 09:30:32,71,5.0,150.0,146,99,43,17,2,0,0,false
2022-05-22 00:06:50,2022-05-22 22:24:41,UTC+01:00,2022-05-22 12:47:27,2022-05-22 13:24:29,37,16.9,629.0,204,177,0,7,7,9,77,false
2022-05-20 23:10:59,2022-05-22 00:06:50,UTC+01:00,2022-05-21 08:20:25,2022-05-21 09:19:06,58,6.9,253.0,146,107,34,45,4,0,0,false
2022-05-18 23:10:59,2022-05-20 01:52:53,UTC+01:00,2022-05-19 12:31:05,2022-05-19 12:59:15,28,16.4,520.0,202,184,0,0,3,10,87,false
